area_id,day_of_year,temperature_2m_max_normal_mean,temperature_2m_max_normal_std,temperature_2m_min_normal_mean,temperature_2m_min_normal_std,precipitation_sum_normal_mean,precipitation_sum_normal_std,windspeed_10m_max_normal_mean,windspeed_10m_max_normal_std,cloudcover_mean_normal_mean,cloudcover_mean_normal_std
costa_rica_cloud_forest,1,21.3875,2.1275572847751967,15.8375,0.987167665596883,1.6875,3.5634954749515253,19.24375,6.100160517013739,71.875,22.668259747938304
costa_rica_cloud_forest,2,21.0375,2.293432652888097,15.325,0.7903585684147847,1.86875,2.0207981096586565,18.56875,6.582271011335425,72.4375,21.847864121388774
costa_rica_cloud_forest,3,21.23125,2.2315073381013106,15.45,0.7641989269817124,1.9437499999999999,2.786388044284811,17.8625,6.160830571711362,76.0625,24.274729658638837
costa_rica_cloud_forest,4,20.91875,2.4337128699444674,15.46875,1.0124022586567716,2.475,4.618585642091454,19.6,7.613409223206118,73.375,17.681911661356082
costa_rica_cloud_forest,5,20.425,2.377533736178452,15.54375,1.2082873554470952,1.71875,2.4836045713169934,21.0,7.226156193532862,74.3125,20.29357451674462
costa_rica_cloud_forest,6,21.1,2.395829710142187,15.05625,1.2511161683339669,1.18125,2.0209630542557346,18.33125,6.785054040561013,72.9375,22.209513727229602
costa_rica_cloud_forest,7,20.725,1.9847753861163584,15.05,1.1033282980751167,1.55,3.4043109924525603,19.91875,6.608602348454626,70.625,24.950283899520397
costa_rica_cloud_forest,8,20.7125,2.6160721192913097,15.36875,0.8055795015597984,6.4375,13.65014651936015,18.675,8.348373095000808,73.75,26.008972810679527
costa_rica_cloud_forest,9,21.2,2.7655017627909766,15.28125,1.2150274345325154,5.36875,11.435950259306543,17.8,9.14162640525926,66.0,24.27893462791699
costa_rica_cloud_forest,10,21.50625,2.505053226314097,15.35,1.116542281629615,3.4749999999999996,7.117162355883136,18.44375,9.501295964235617,65.4375,27.16117020061298
costa_rica_cloud_forest,11,21.40625,2.633494193399077,15.225,0.8062257748298554,2.90625,4.9411832253688655,19.61875,7.979408394945915,66.25,26.14447041600448
costa_rica_cloud_forest,12,21.46875,2.437681617165511,15.3875,1.0391502939100445,2.4375,3.303104600220828,18.24375,7.835642390172402,67.875,28.616720054308573
costa_rica_cloud_forest,13,20.8875,2.5866000850537367,15.0875,0.9287087810503356,2.4250000000000003,3.3139100772350476,22.10625,9.071234296757341,70.625,27.101967948225948
costa_rica_cloud_forest,14,20.70625,2.729461180037798,15.0125,1.1831455250024545,3.31875,4.48155014104123,22.8875,10.574615832265492,77.0625,19.914713990748986
costa_rica_cloud_forest,15,20.48125,3.0120245129591265,15.0125,1.0125051440198551,4.9875,8.082398571381312,22.0125,10.065775346853979,75.4375,27.517191596042892
costa_rica_cloud_forest,16,20.66875,2.5731222927279105,15.175,1.160746885989075,3.3875,4.4363460941034205,20.49375,6.936518699366898,74.8125,22.145635386384075
costa_rica_cloud_forest,17,20.86875,2.317676638360063,15.65,1.0302103345110325,3.7625,6.107249790208355,21.1,7.9548727205405365,73.75,23.524455360326623
costa_rica_cloud_forest,18,20.90625,2.136186243441025,15.58125,0.9382385979411988,3.9124999999999996,5.770023107983768,22.54375,8.23221061845885,68.625,26.224352549999526
costa_rica_cloud_forest,19,21.25,2.130414670120976,15.225,1.138127116509107,4.78125,10.26204779758894,21.60625,6.254648271485777,66.1875,22.160682149548855
costa_rica_cloud_forest,20,20.83125,2.279098871630336,15.525,0.9197825830053539,4.4875,6.512436819911064,20.43125,6.639349240199174,79.375,16.41087038114269
costa_rica_cloud_forest,21,21.23125,2.666012940703777,15.3875,1.0892658077806354,3.18125,4.757901323062512,20.7625,8.88578452735979,71.6875,22.508424348822523
costa_rica_cloud_forest,22,21.2125,2.433070762089203,14.875,0.9504384952922174,1.20625,1.845885063232992,19.375,8.391066678319271,67.8125,24.530847926641265
costa_rica_cloud_forest,23,21.45,2.304488374166091,15.09375,1.0853378890158278,1.15625,1.430603019708822,18.9375,7.519740687018404,65.9375,27.440769547032268
costa_rica_cloud_forest,24,21.45,1.979898987322331,14.924999999999999,1.4289856542317,1.0625,1.9882571932893054,20.20625,6.404422300254723,63.625,27.770187851963357
costa_rica_cloud_forest,25,21.49375,2.151423947063899,14.68125,1.5808093918411958,2.55,6.732607221574715,19.15625,7.227168071474008,66.3125,24.071334958133637
costa_rica_cloud_forest,26,21.46875,2.2353877366876063,14.80625,1.3091823147802346,1.70625,3.6194785536040963,20.05625,7.2227389772394055,64.5,24.98532902858529
costa_rica_cloud_forest,27,21.65625,2.76886709684665,15.01875,0.9108375266753126,2.53125,4.329236845757769,20.125,8.85644774538114,56.5,27.198039145007005
costa_rica_cloud_forest,28,21.3625,2.4410038918445007,14.89375,0.8667708270740695,2.3499999999999996,3.4033317009463926,21.48125,9.715089208717197,62.8125,27.495984555324924
costa_rica_cloud_forest,29,21.1375,2.501965893719044,15.1,0.856348838577675,2.5875,2.8605069480775605,22.24375,7.600874401453208,75.375,21.95108197788893
costa_rica_cloud_forest,30,21.26875,2.588105806698533,14.85625,1.0072859574122925,1.51875,1.7409647708478577,23.0625,7.6178627798965595,72.875,23.0300528295819
costa_rica_cloud_forest,31,20.99375,3.1105130873646343,15.0875,0.9625487000666514,3.25,4.612302389624224,22.55625,7.49710777566923,71.75,23.727621035409346
costa_rica_cloud_forest,32,21.15625,2.820630839605448,14.5875,1.2076837334335508,2.14375,2.850957441515628,21.95,7.756975355553649,63.625,24.44279034807605
costa_rica_cloud_forest,33,21.287499999999998,3.1861941769662017,14.5,1.6227548592850778,2.94375,4.9258459510355515,21.98125,8.881457744462148,60.75,26.03715294215812
costa_rica_cloud_forest,34,21.2125,3.243018141587659,14.71875,1.6179075993393444,2.19375,3.854948118976441,20.3125,7.4318122509475,66.9375,23.410734717218936
costa_rica_cloud_forest,35,21.90625,2.8238198124762373,14.762500000000001,1.2241323457861903,0.69375,1.4653640048352037,19.79375,7.6202772259282,62.1875,23.69590330275116
costa_rica_cloud_forest,36,21.71875,2.276611151104494,15.25,0.7571877794400362,1.30625,1.974324779091154,19.8125,7.6267839443197385,71.8125,23.137901806343635
costa_rica_cloud_forest,37,21.60625,3.0391816332690618,14.66875,1.2789155562428665,1.91875,3.1654844284353487,20.23125,8.407514000384815,67.9375,24.194954708230668
costa_rica_cloud_forest,38,21.55,3.041490862499289,14.83125,1.3898291261878202,1.2,2.22411030901497,20.25625,7.787423086832597,61.5625,28.465110222867573
costa_rica_cloud_forest,39,21.20625,2.7448057004701334,14.925,1.336413109783049,1.2875,1.7647946056127892,20.35,6.910089242067235,73.25,21.573131437044555
costa_rica_cloud_forest,40,21.3125,2.2753388026108716,14.96875,1.394617629794394,1.21875,1.5380588415272027,20.9125,8.440290279368359,71.0,22.479620400116485
costa_rica_cloud_forest,41,21.34375,2.434192200025843,15.03125,0.8927252283504332,1.2875,2.1893301867618478,21.7,9.571694381525841,63.8125,22.619221177278998
costa_rica_cloud_forest,42,21.80625,2.3648731467036446,15.0625,0.8647735734476014,1.2125,2.1288103093825277,20.45625,8.525645136879673,62.6875,26.662629902793412
costa_rica_cloud_forest,43,21.86875,2.451045695208476,15.375,1.1641878428043027,3.0375,6.789489426066342,20.26875,8.975798478872692,71.4375,20.29439577814525
costa_rica_cloud_forest,44,21.56875,2.6665130164067588,15.39375,1.0579658154527802,2.58125,3.577004100267895,20.91875,8.659655016223219,74.125,20.50650303359075
costa_rica_cloud_forest,45,21.55625,2.451657602521199,15.15625,0.986555455444176,2.2687500000000003,4.832213950837304,21.725,8.954067976809943,68.6875,25.323819485483092
costa_rica_cloud_forest,46,22.2125,2.606370400895978,15.1,1.000666444592469,1.71875,2.5216975102762293,19.06875,9.26453587612461,64.625,29.307280096704073
costa_rica_cloud_forest,47,22.35625,2.431451898215001,15.06875,1.321473293966499,1.1125,1.561569723067145,18.89375,7.807728542924632,65.5625,28.033239199207788
costa_rica_cloud_forest,48,22.575,2.5792763843114352,15.25625,1.6008201023225561,1.66875,3.0222990696929157,18.51875,5.9517189393765335,67.8125,21.64938413288779
costa_rica_cloud_forest,49,22.2375,2.4641090343840952,15.18125,1.657797233278746,1.875,2.154530111184339,20.2625,8.665939072022143,67.5625,24.21561135576249
costa_rica_cloud_forest,50,21.95,2.652294604048853,15.0375,1.4440106186128503,2.5,4.616780985347547,21.26875,9.005384963083662,64.8125,28.0409670541751
costa_rica_cloud_forest,51,21.625,2.9746708501389945,15.16875,0.9850338403662416,4.25625,10.39685649607611,21.05625,7.923043922634784,68.4375,25.674809314449313
costa_rica_cloud_forest,52,22.05,3.035566943202976,14.91875,1.1297307938914767,2.5187500000000003,4.471721331508333,20.94375,8.694286917280795,64.75,26.878740049836164
costa_rica_cloud_forest,53,22.25,3.1262330900515622,14.6375,0.9844626283748235,0.9625,1.2446552400832396,19.525,8.26538968631647,60.375,24.51904022047628
costa_rica_cloud_forest,54,22.51875,2.8045721598846414,14.6625,1.0619949780170015,0.56875,1.225136046867177,19.4625,8.236655874807443,52.6875,22.22226736106527
costa_rica_cloud_forest,55,22.34375,3.0013260958005445,14.59375,1.1590046016589692,1.9812500000000002,4.264304359056313,18.0375,8.930910741165576,56.3125,25.543997990395578
costa_rica_cloud_forest,56,22.08125,3.065337121209779,14.65625,1.1661725143962758,3.0125,3.74074413274507,18.349999999999998,9.655740952062319,67.3125,28.40121769689931
costa_rica_cloud_forest,57,22.36875,2.477019378204378,14.9625,1.135414755350072,1.35625,3.2409810757444006,17.91875,8.398350532495455,59.3125,27.733779042892806
costa_rica_cloud_forest,58,22.3375,2.4902141808821705,14.96875,1.2081494112898459,0.875,2.266715685744465,19.80625,6.781491355151905,61.125,23.17721582359135
costa_rica_cloud_forest,59,21.96875,2.038862019199272,15.3,1.1436782764396638,0.71875,0.828829495935885,20.80625,7.105347164870506,66.5,25.46893532652409
costa_rica_cloud_forest,60,22.2375,2.3243278598338906,15.325,1.1497825881443844,1.175,1.4977761292440648,20.9625,6.056718033170551,62.9375,22.848687051994915
costa_rica_cloud_forest,61,22.18125,2.4528130109461417,15.01875,0.8588509765960561,0.75625,1.1045172399439191,21.09375,5.888459758997536,55.3125,27.827369620573197
costa_rica_cloud_forest,62,22.15,2.4754797514825277,14.75,0.8398412548412547,1.90625,4.140767843448041,20.9125,7.604198401760263,60.3125,28.59304985481612
costa_rica_cloud_forest,63,22.43125,2.7150736638257174,14.61875,1.0264623714486565,1.9625,4.943800832018485,19.28125,8.398747426451955,64.125,26.076490050107076
costa_rica_cloud_forest,64,22.81875,2.653354794720575,14.88125,1.3312744520446067,1.025,1.927865832122834,17.06875,6.256486633886467,62.125,24.333447488316708
costa_rica_cloud_forest,65,22.53125,2.3093198854496837,15.1875,1.4682756326158024,1.04375,1.5991534218662906,18.30625,8.101725639228555,74.9375,21.998390092610563
costa_rica_cloud_forest,66,22.5375,2.481095188285477,15.1125,1.3465387728048044,1.05,1.66332999331662,20.21875,8.28421943617301,66.0,20.42547429069886
costa_rica_cloud_forest,67,22.59375,2.3906676194458036,15.2,0.8936815241833446,0.90625,1.3213471660897196,20.6,10.000466655778286,67.5,21.10923968313402
costa_rica_cloud_forest,68,22.99375,2.653668843946685,15.375,1.1492026221109428,1.45,2.2506295415579465,18.84375,9.519801731128648,64.25,26.739483914241877
costa_rica_cloud_forest,69,23.1375,2.676782894944351,15.2375,1.2805597734324372,0.93125,1.4480878196205274,17.94375,8.420844672596687,66.0625,23.878773698272976
costa_rica_cloud_forest,70,23.256249999999998,2.3604995940125333,15.1875,1.196592383952586,1.0875,1.6712769569005212,16.94375,7.066820949573672,52.375,27.393125658335038
costa_rica_cloud_forest,71,23.325,2.5821179936891614,15.38125,1.4533725147623602,1.7375,3.082179964462382,17.0875,7.694056147442647,59.25,19.709557749139545
costa_rica_cloud_forest,72,22.69375,2.4406197983299247,15.49375,1.2588188908655602,2.63125,6.620545672374748,18.425,6.808279273551186,60.8125,25.877193948855172
costa_rica_cloud_forest,73,22.7375,2.0577900767571022,15.29375,1.1180153546947973,1.6187500000000001,4.605246102725312,16.90625,5.396229393443784,63.8125,19.742403602398568
costa_rica_cloud_forest,74,23.025,2.480188164904699,15.1,0.897403662424738,0.5625,0.767571929311297,17.35625,6.918860093975018,60.4375,22.574229407298343
costa_rica_cloud_forest,75,23.19375,2.516205807692738,15.18125,1.276045323124013,1.10625,1.5101738310538957,17.275,7.539451792626127,61.6875,28.968301641622006
costa_rica_cloud_forest,76,23.4625,2.4127094036925936,15.1875,0.8460693430998035,1.0,1.6677329922182789,16.51875,7.98834306974857,61.5,27.575351312358652
costa_rica_cloud_forest,77,23.475,2.173629836625056,15.293750000000001,0.8820194631261454,1.225,1.8138357147217055,15.9875,6.144903036935029,64.4375,26.638240056980738
costa_rica_cloud_forest,78,23.19375,2.540988980692361,15.5,0.9208691546577074,0.83125,1.2048340134640954,16.18125,6.5092978371966765,72.375,23.25188164428849
costa_rica_cloud_forest,79,23.0125,2.620909511346522,15.4,1.2258330500792785,1.0,1.3201010062365177,18.45625,7.206290654698852,66.5625,25.86108724190329
costa_rica_cloud_forest,80,22.48125,3.042415432952354,15.56875,1.1881182601071327,1.4749999999999999,2.3416518386244642,19.675,8.712022344630052,71.25,24.326939799325352
costa_rica_cloud_forest,81,22.39375,2.959610053143265,15.2875,1.0818964830333815,1.65625,2.314582395739384,19.525,8.085748780003824,71.125,24.995666291045996
costa_rica_cloud_forest,82,23.14375,2.7909302511289438,15.16875,1.4889453762087212,1.56875,2.4212169805010593,17.925,8.547553256146852,64.8125,20.54659339160631
costa_rica_cloud_forest,83,23.48125,2.7981467080909117,15.46875,1.37923589957145,1.54375,3.489597636786606,16.6125,7.358974113285086,64.0625,22.854521799124715
costa_rica_cloud_forest,84,23.625,2.7350807422572863,15.40625,0.9976430557402118,0.58125,0.7993486932079975,16.2,6.825833282464494,60.6875,22.413444625938244
costa_rica_cloud_forest,85,23.50625,2.7059117379052364,15.68125,0.8223695438588826,0.63125,0.8412044935685972,16.8625,7.219868419853648,61.6875,24.03530389517331
costa_rica_cloud_forest,86,23.38125,2.871751788252831,15.48125,1.0166734972448137,0.88125,1.1542493953503579,17.55,8.072752525213028,64.8125,19.473807194964902
costa_rica_cloud_forest,87,23.475,2.589594562861143,15.7375,1.2795181384672387,1.075,1.6002083197717312,17.01875,6.731341495818894,63.9375,29.331368305393916
costa_rica_cloud_forest,88,23.4,2.4102558647026124,16.01875,1.0937511904755444,1.20625,1.1209928634920028,16.65,6.476007000202105,71.5,18.970151993768177
costa_rica_cloud_forest,89,23.6375,2.599711522457831,15.88125,0.9551396058517656,0.8625,2.0408739957838327,17.4375,6.785757142721806,69.3125,22.75293021422369
costa_rica_cloud_forest,90,23.6125,2.8018743726298645,15.60625,1.2401444808300914,1.5375,3.2178408910323704,15.44375,6.57236322286994,67.625,28.712076437160263
costa_rica_cloud_forest,91,24.03125,3.030229639262786,15.5125,1.2883451918384812,1.24375,2.5899726510782566,15.63125,7.913677505854448,57.75,27.15756493747798
costa_rica_cloud_forest,92,23.7,2.6346410255162533,15.5125,1.4682756326158004,2.75625,5.1410723589539185,14.6875,8.452051033131937,60.6875,32.80593188230852
costa_rica_cloud_forest,93,23.9875,2.515518501886505,15.275,1.5524174696260027,1.5875,2.2712331452319026,14.387500000000001,8.594251955037546,63.0,27.705595102794668
costa_rica_cloud_forest,94,23.95,2.4232209969377565,15.981250000000001,1.2199556002849714,2.34375,3.923768384261912,14.33125,6.385475054110437,74.625,22.273676541304685
costa_rica_cloud_forest,95,23.75,2.3151673805580457,16.025,1.1310761836999887,0.94375,1.253777625152616,14.75,5.1020257414743275,70.0,24.535688292770594
costa_rica_cloud_forest,96,23.83125,1.9898806496873112,16.1125,0.9443692780545827,1.3875000000000002,2.384358753767282,14.1875,5.26078257803279,76.4375,21.759193459317373
costa_rica_cloud_forest,97,23.85625,2.376262822164247,15.9375,0.7561966234606801,1.93125,3.1438233092844134,13.7125,6.010088740332098,67.6875,29.94599305416336
costa_rica_cloud_forest,98,23.78125,2.5036556605625035,15.9375,0.903234926989282,2.1375,4.729041481456187,15.175,7.335711735521419,66.75,30.810171480643636
costa_rica_cloud_forest,99,23.45625,2.5654028273677953,16.1,1.0620734437881405,2.1375,3.893049361789975,17.39375,7.387599407114601,77.875,23.053199344125755
costa_rica_cloud_forest,100,23.3875,2.516578364896802,16.1375,0.7787810988975014,2.01875,2.5195816451678374,16.6125,7.222361109775667,78.8125,22.67515159817019
costa_rica_cloud_forest,101,23.41875,2.678113452911707,16.1,1.0000000000000002,1.95,2.7242124244143175,15.175,7.421365552690871,81.75,18.527457102005837
costa_rica_cloud_forest,102,23.925,2.6873779042032773,16.06875,0.9857104037190638,1.225,2.0058248511107175,15.4625,6.098182789432712,71.25,22.711230702011722
costa_rica_cloud_forest,103,23.5625,2.999972222093619,15.93125,1.1175680441625615,1.9625,2.7533918476429515,16.8625,7.688855571539889,75.0,28.600699292150185
costa_rica_cloud_forest,104,23.43125,2.5257919550113392,16.1875,1.2197677374538693,1.8875,2.5801485745333865,15.74375,9.032679096849764,83.8125,23.875283593429142
costa_rica_cloud_forest,105,23.475,2.2880850800032175,16.34375,1.2685786009020747,1.5562500000000001,1.5773263243011364,15.64375,7.525243628392816,78.1875,24.468261755452374
costa_rica_cloud_forest,106,23.55,2.482203322319373,16.01875,1.2410848748843357,1.01875,1.3090550026641357,16.25625,6.9431951098419615,75.125,24.160229027612026
costa_rica_cloud_forest,107,23.4375,1.9791833332631572,16.06875,1.3782688416996156,1.8062500000000001,2.3075148970266692,14.425,6.640331317035318,72.875,25.523518566216534
costa_rica_cloud_forest,108,23.68125,1.9339833677326868,15.7375,1.4894629904767713,2.7937499999999997,3.8363991363430023,12.01875,5.649332556447118,72.0625,27.174666511293196
costa_rica_cloud_forest,109,23.818749999999998,1.9016549809749048,15.975,1.3887644388688345,2.2875,3.5894057075417556,12.55,5.10999021525482,69.9375,26.19533991635408
costa_rica_cloud_forest,110,23.675,1.972646276789971,15.98125,1.6686196890444123,2.45,3.1245266308141244,11.96875,6.107560205734092,73.3125,23.576029493251543
costa_rica_cloud_forest,111,23.79375,2.099037477829621,16.21875,1.1640267751788764,2.94375,3.9096408615967104,11.95,6.263864621781028,77.625,16.94648439450889
costa_rica_cloud_forest,112,23.6,2.325797354313856,15.9125,1.2537277748113154,2.8375,2.966226559115132,10.86875,5.984504295818215,77.25,19.841034919244176
costa_rica_cloud_forest,113,24.1,2.0297783130184444,15.8375,1.2585044033825745,0.475,0.623431364840322,10.88125,4.1484485051643105,72.5,16.235762994081927
costa_rica_cloud_forest,114,24.09375,1.7826829031920755,15.875,1.2261049438499674,1.90625,3.049255373584399,11.0125,4.526937890745429,66.875,23.69212246014837
costa_rica_cloud_forest,115,23.775,1.8513058454327145,16.0375,1.4881196188478936,2.59375,5.535156577128901,11.14375,4.792907085823105,73.375,27.373649129530875
costa_rica_cloud_forest,116,23.9125,1.8825071934346864,16.15,1.5037730325196474,2.35,3.4978088379250614,11.9375,5.30306515140065,76.6875,21.58616455047075
costa_rica_cloud_forest,117,23.8875,1.6628790294746851,16.2625,1.4027948293793113,3.4375,4.413898503590675,11.2625,5.333901011454937,81.125,18.1691129851368
costa_rica_cloud_forest,118,23.175,1.6006248779773498,16.44375,1.378389761037616,5.8625,6.894333421972955,11.3125,5.180588769628409,87.6875,12.594807130983256
costa_rica_cloud_forest,119,23.33125,1.8820976772385307,16.6125,1.291446217747116,3.39375,3.7201198457397395,11.30625,6.921413030106881,87.1875,17.355954789831262
costa_rica_cloud_forest,120,23.58125,1.7170590166522146,16.73125,1.0156894210338123,3.43125,4.172723930479945,11.1875,5.53869719940228,87.4375,16.095418602819873
costa_rica_cloud_forest,121,23.63125,1.4027205708907255,16.68125,1.0206003135410049,3.03125,3.064140716960194,10.96875,4.76035275303557,86.6875,16.58400333654895
costa_rica_cloud_forest,122,23.53125,1.305229864813091,16.875,0.8128140418734568,3.075,3.0001111090535746,10.50625,4.64707345182607,85.625,20.175480167768
costa_rica_cloud_forest,123,23.8,1.353021310499826,16.825,0.7113367697511498,4.83125,8.213949009662365,11.275,5.8414039408347715,87.4375,13.485640511299417
costa_rica_cloud_forest,124,23.70625,1.4883855907212573,16.63125,0.760454907714235,5.69375,11.417732918578889,11.975,6.226020665989901,84.5,13.007690033207279
costa_rica_cloud_forest,125,23.7,1.385640646055102,16.7,0.9345230512584122,2.275,2.7382476148076895,10.8375,5.428673871213853,83.6875,15.835482310305553
costa_rica_cloud_forest,126,23.675,1.7326280616450849,16.7125,0.8800568163476714,2.1375,2.078420874927245,10.20625,5.643812984144674,80.3125,19.80477635992557
costa_rica_cloud_forest,127,23.29375,1.7003798595215907,16.525,1.1812422839254157,3.34375,4.80776715326356,10.95625,5.982972366084715,85.0625,16.449797364506754
costa_rica_cloud_forest,128,23.59375,1.5997786305194435,16.5875,1.2616787758115506,2.9,5.981638571495273,11.93125,5.233063952727249,80.1875,17.081056758877654
costa_rica_cloud_forest,129,23.475,1.8079454269049906,16.66875,1.219682335692372,5.9125000000000005,14.015176298094389,11.28125,5.716318016579087,86.875,15.059327120868758
costa_rica_cloud_forest,130,23.475,2.0127924218193316,17.0125,1.040432602334241,4.20625,7.311768481929206,11.325,4.913993623656153,84.5,16.637307474468336
costa_rica_cloud_forest,131,23.9125,1.4714505315051092,16.99375,1.063621956649386,3.0625,3.414064049389427,10.7375,4.451947139548417,83.375,18.48197319912929
costa_rica_cloud_forest,132,23.6,1.7378147196982772,17.325,0.8812869377601527,3.9875,4.798315676707123,11.45625,4.602168872752642,87.3125,17.583017374728378
costa_rica_cloud_forest,133,23.31875,1.92326761875027,17.24375,0.8033004834224048,2.90625,3.5284498484934335,12.3125,3.9374907407298534,89.3125,13.86948088430133
costa_rica_cloud_forest,134,23.43125,1.473190981056655,16.98125,0.7157455320619663,4.73125,6.585612474680444,12.09375,5.571650712909656,90.3125,14.663872839965121
costa_rica_cloud_forest,135,23.31875,1.3624579504214667,16.875,0.7937253933193765,8.081249999999999,17.140681384744695,11.2125,6.362481172205281,91.8125,11.640267751788759
costa_rica_cloud_forest,136,23.125,1.4640127503998501,16.9875,0.7292690404324957,6.24375,6.541963899829061,9.9625,4.019266102163428,93.8125,11.588607911795675
costa_rica_cloud_forest,137,23.25625,1.6589027498118543,16.975,0.9022194854911961,4.65,4.168452950436168,9.6,2.7271474718711737,89.375,14.687296097875427
costa_rica_cloud_forest,138,23.60625,1.416318584688251,16.8625,0.8853436244381798,7.0,10.467664495960882,8.73125,3.01169249204939,84.875,19.23841642824759
costa_rica_cloud_forest,139,23.35625,1.31096338621641,16.91875,1.286969955619271,7.7124999999999995,11.536716748422547,9.95,3.514730904825195,88.625,14.277604841148952
costa_rica_cloud_forest,140,22.8875,1.688342382338369,16.95625,0.8049585910674745,10.24375,14.823088690732892,10.4,4.304726084975288,90.0,13.396516960264956
costa_rica_cloud_forest,141,22.50625,1.436880301208142,17.14375,0.773708601477326,13.00625,21.38025471472842,10.3375,4.689829421204997,95.9375,4.04093636013569
costa_rica_cloud_forest,142,22.74375,1.7331931033019192,16.9625,0.8421203397773196,8.175,9.028879590883172,9.875,3.359464243000661,93.75,10.465817375309648
costa_rica_cloud_forest,143,23.2875,1.3807606599262598,17.125,0.8185352771872448,5.55625,4.968697850879376,9.174999999999999,3.4593833747263876,87.1875,18.576755188496545
costa_rica_cloud_forest,144,22.6,1.823549652006584,17.05625,0.9266202026720548,14.5875,30.901863482105195,9.7125,4.198392549536073,90.9375,15.255463502190509
costa_rica_cloud_forest,145,22.975,1.681071087134628,17.14375,0.880884971680942,8.75625,9.45882083912507,8.9625,4.665315280521422,93.0625,9.84187482139455
costa_rica_cloud_forest,146,22.61875,1.7344427539318403,17.19375,0.7928587516071198,17.24375,28.06461517641031,10.225,4.467139278479387,94.0625,7.451789494253489
costa_rica_cloud_forest,147,23.11875,1.6232554738343972,17.2125,0.811480129146734,11.09375,20.539213511394898,11.1125,4.549706950269801,86.5625,16.828423376339607
costa_rica_cloud_forest,148,23.15625,1.648420961607401,17.1,0.7780317045810743,13.13125,19.390090897156725,11.7375,4.43153472286972,91.375,11.158703628408933
costa_rica_cloud_forest,149,22.68125,1.2843772810198726,16.9625,0.7144928271158498,20.0875,44.4685188269934,8.1375,2.585826753670864,93.25,7.047458170621991
costa_rica_cloud_forest,150,22.6125,1.445856147754678,17.06875,0.4962778119830332,15.831249999999999,17.243847936776366,8.81875,3.213765963269053,95.75,4.919349550499541
costa_rica_cloud_forest,151,22.03125,1.4290877043298167,17.14375,0.6131544123084605,15.73125,17.36708452792235,9.168750000000001,4.326464106711931,95.4375,7.899103324639661
costa_rica_cloud_forest,152,22.46875,1.165457706940353,17.2375,0.7060453243241535,16.83125,22.42016112787774,10.05,4.494589339787711,92.0625,15.303458214839326
costa_rica_cloud_forest,153,22.425,1.368454115659954,17.14375,0.8342411721638613,8.15,7.5004888729557715,8.25,3.491895378348746,92.125,15.077024463290714
costa_rica_cloud_forest,154,22.83125,1.4668418455989058,17.03125,0.7786473313809458,7.46875,5.972572728732568,8.4,2.871004469983749,90.0,16.165807537309526
costa_rica_cloud_forest,155,22.6375,0.7881412732922102,17.25,0.6196773353931874,14.518749999999999,15.888159899749246,9.19375,3.2937250947825016,91.875,10.831281857041052
costa_rica_cloud_forest,156,21.85625,1.3084182562672118,17.3,0.6292853089020913,12.68125,11.63696516851938,9.425,2.5955089417427684,94.375,7.446475676452584
costa_rica_cloud_forest,157,21.9625,1.502386989649027,17.0375,0.7701731407071177,15.60625,27.524037222035577,8.175,2.6213228212742767,95.625,7.003570517957253
costa_rica_cloud_forest,158,21.8125,1.3657110480136945,16.9,0.7099295739719539,21.275,23.15606472035638,9.23125,3.7478382658095946,96.1875,5.179687892785306
costa_rica_cloud_forest,159,22.35625,1.6439662405292887,16.89375,0.8690751789498237,11.39375,10.05461544101348,9.125,4.259029623439281,93.3125,6.789391234369498
costa_rica_cloud_forest,160,22.375,1.3752575516365406,16.9125,0.9687620966986693,6.625,5.172813547770691,9.075,3.22975747283497,93.125,10.177589760514683
costa_rica_cloud_forest,161,22.15625,1.3311492528388136,16.925,0.9504384952922151,10.6875,11.609184582332501,7.9625,1.8589871794429709,94.375,6.291528696058958
costa_rica_cloud_forest,162,22.65,1.4669696656713807,17.025,0.9698797176282588,6.89375,5.022545005605558,8.775,2.6629557512909092,95.6875,5.108408101682297
costa_rica_cloud_forest,163,22.01875,1.6021730035590211,17.01875,0.9860485113150688,9.34375,13.245223981999448,10.08125,2.7607290703725345,96.4375,4.6038932799678705
costa_rica_cloud_forest,164,22.33125,1.1819299189602286,16.9125,1.030776406404416,10.44375,11.775113233708908,9.2625,2.7397992627198073,93.75,6.658328118479392
costa_rica_cloud_forest,165,22.13125,1.3375194702632682,17.175,0.8242167999581997,14.325,14.69419386469817,10.1,3.639230687933921,96.9375,3.8896229465934953
costa_rica_cloud_forest,166,21.93125,1.5864924624256278,16.9125,0.8444919577276422,14.125,12.902738727365858,8.81875,2.382776741534968,94.8125,5.369279902060113
costa_rica_cloud_forest,167,21.95,1.409018570968224,16.95,0.7857056276579247,10.14375,9.070683087103566,9.65,2.86821663523986,96.4375,5.353737012592233
costa_rica_cloud_forest,168,22.375,1.1653325705565778,16.99375,0.8977518216819907,6.16875,6.08985153075727,10.28125,3.9113882872112478,94.4375,5.932607633522829
costa_rica_cloud_forest,169,22.5375,1.1638298844762491,17.125,0.9277212224944877,6.65,8.498627340145386,11.05625,4.143262603311549,94.8125,4.261748467472006
costa_rica_cloud_forest,170,22.59375,1.394019966380204,17.325,0.8402380615040005,7.15625,6.731514812185045,10.48125,4.271021540568486,94.9375,4.697073557013979
costa_rica_cloud_forest,171,22.60625,1.1316470297756276,17.2,1.006644591369434,8.51875,9.918213464799662,10.6,4.166053288185354,91.875,9.749358953285082
costa_rica_cloud_forest,172,22.18125,1.2952316395147248,17.26875,0.784617741323761,6.81875,5.398421837290352,10.65,3.3911649915626345,93.5625,10.197834737498612
costa_rica_cloud_forest,173,22.25,1.3276545735494096,17.275,0.9059065441129508,8.3875,9.917182059436037,10.2,3.9991665798430223,92.9375,10.003124511871281
costa_rica_cloud_forest,174,22.26875,0.9693425607080298,17.20625,0.9262604025506721,5.59375,5.543340599313739,12.23125,4.510538585727135,93.375,6.259659202651001
costa_rica_cloud_forest,175,22.10625,1.7410605005762059,16.9625,0.969450015902488,8.856250000000001,13.76647951850194,12.525,5.009258095433561,92.4375,9.186720488473204
costa_rica_cloud_forest,176,22.45,1.3701581417242805,16.95625,0.9646890690787353,5.5625,6.15335951601508,10.925,4.525262423329724,91.375,11.865215267045656
costa_rica_cloud_forest,177,21.91875,1.7378986353256238,16.95,0.9252026804976303,9.175,10.482334345618506,11.625,5.8648671482538,90.4375,9.486613375348092
costa_rica_cloud_forest,178,21.71875,1.5488571055243707,17.10625,0.88579060731078,9.13125,10.46465280519776,13.025,7.319790525235906,94.5625,7.099002277315688
costa_rica_cloud_forest,179,21.775,1.7337819932159881,16.7375,1.1206396982676177,8.89375,9.520677059257219,13.13125,6.1796136610632875,94.75,5.2977982848223535
costa_rica_cloud_forest,180,22.0125,1.495270321157126,16.78125,0.935392074658179,8.54375,17.325971593727918,12.96875,4.272504144721999,94.0625,5.709276077869536
costa_rica_cloud_forest,181,22.1,1.397617019549108,17.10625,0.7987229390303839,5.5375,6.280644871348802,14.0,4.493402571177734,96.5625,4.78844094321593
costa_rica_cloud_forest,182,21.5875,1.9386851214160592,17.08125,0.7816382368674997,12.4,16.846760321596946,12.7375,4.513812136099596,93.25,10.987872102155784
costa_rica_cloud_forest,183,21.61875,1.9201453938005142,16.89375,0.8012230234668327,13.61875,24.430451455782258,13.41875,5.8548235100072255,91.125,14.72809107341025
costa_rica_cloud_forest,184,21.7,1.5513435037626797,16.825,0.9490345971916239,9.3125,11.178424158470042,12.46875,5.37447284236634,92.75,12.471300386621012
costa_rica_cloud_forest,185,22.06875,1.6106804980090448,16.8375,0.7301826255579258,14.2,23.206206066481442,13.0875,5.982070433108143,94.125,6.163062009531735
costa_rica_cloud_forest,186,22.4125,1.2711543310445548,16.6875,0.8188406438373701,4.66875,6.384326511073819,13.1375,4.560975772792483,89.3125,13.927042040577032
costa_rica_cloud_forest,187,22.175,1.2714820748507105,16.6875,0.9507014953881867,6.14375,11.113413442022813,13.49375,5.288537132326859,88.0,15.033296378372908
costa_rica_cloud_forest,188,21.9125,1.1122799407822952,16.875,0.8298594258467309,5.425,5.320588939832382,14.65625,7.255339987439137,92.1875,8.2802475808396
costa_rica_cloud_forest,189,22.025,1.2984606270503545,16.9125,0.6761410109338635,7.3,15.97685826437726,14.14375,6.966679625187311,92.5,8.594571930391101
costa_rica_cloud_forest,190,21.93125,1.1631673711608894,17.06875,0.9371721649017682,4.7562500000000005,4.259885561843182,12.79375,5.188251953532454,92.5625,14.93081265928505
costa_rica_cloud_forest,191,21.8,1.8330302779823353,17.20625,0.6126105342439568,18.325,47.35023407193112,13.48125,4.470677614560609,95.75,5.272570530585624
costa_rica_cloud_forest,192,21.7375,1.5802425974092287,17.00625,0.8835298523536135,8.3,7.157187529563084,12.49375,3.9805307435064488,95.1875,6.959106743445361
costa_rica_cloud_forest,193,21.69375,1.147442809032328,16.8625,0.6469157595854359,4.99375,4.842515702951651,12.49375,3.218792475447897,96.625,5.018299844900993
costa_rica_cloud_forest,194,21.925,1.0369828028146517,16.81875,0.6400195309519864,14.275,24.59304779810749,12.5875,5.8485183308823325,95.9375,7.6373533810258305
costa_rica_cloud_forest,195,21.50625,1.0016444811741676,16.90625,0.5446329038903182,5.59375,4.980022590310209,15.5375,7.001511741521732,95.1875,8.296334531988611
costa_rica_cloud_forest,196,21.9875,1.7809641583516869,16.81875,0.6263319141371179,3.7875,4.890654352947058,15.84375,4.894618643639836,89.5,13.803381228283646
costa_rica_cloud_forest,197,21.79375,1.7003798595215913,16.94375,0.6642978749526952,5.6125,10.587972736396077,15.825,4.959233811789882,88.375,15.598611049278288
costa_rica_cloud_forest,198,21.6125,1.3380956617521784,17.14375,0.6918272905863144,6.93125,6.413913911697495,15.10625,5.298612239696982,93.3125,7.896993098642038
costa_rica_cloud_forest,199,21.78125,1.6228447245500712,16.9125,0.5315072906367326,7.643750000000001,12.238734615964187,16.2375,6.190624631919896,94.6875,9.285966113801337
costa_rica_cloud_forest,200,21.75,1.6464102364437214,17.1,0.5501514942874045,5.61875,5.270827733857368,16.55,7.507240949021596,93.875,10.550671384640255
costa_rica_cloud_forest,201,21.65625,1.4944201774155317,17.26875,0.6161371600544797,6.45625,7.291087596054057,16.7375,7.705831125409726,95.4375,5.807681694675309
costa_rica_cloud_forest,202,22.41875,1.331274452044606,16.94375,0.7089605066574581,4.09375,4.065213196541275,14.75,5.3542506478498,92.75,8.306623862918077
costa_rica_cloud_forest,203,21.8375,1.628035626145815,16.88125,0.4819664580307085,6.83125,7.584608867085149,12.3,5.030838233667759,92.8125,15.963369527348124
costa_rica_cloud_forest,204,21.73125,1.7121988786353066,16.925,0.831464571303753,4.01875,5.702656544687456,14.625,5.040039682383464,96.3125,6.0851595432385075
costa_rica_cloud_forest,205,22.43125,1.500985787185653,16.7375,1.0619949780170046,4.1625,8.56705900528297,14.06875,3.1913881514684688,92.1875,8.001822709024903
costa_rica_cloud_forest,206,22.3375,1.4226149631342029,16.8625,1.1062700092352384,2.7625,3.2345787979271736,13.56875,4.405408607609515,88.3125,12.944593465999619
costa_rica_cloud_forest,207,22.10625,1.3532522553709883,16.46875,1.3280154366572718,6.7875000000000005,8.983753855339835,13.49375,5.515126925103357,89.1875,15.858620158555201
costa_rica_cloud_forest,208,22.2875,1.6194134740701642,16.80625,0.8481106452973372,7.762499999999999,11.985539898839212,13.3,5.86844669965287,90.875,12.317331962185106
costa_rica_cloud_forest,209,22.3125,0.9401241052825595,16.90625,0.931284954601257,6.83125,9.481330339145451,11.93125,5.021250674217861,94.0,6.90893141761686
costa_rica_cloud_forest,210,22.5125,0.9999166631941551,17.025,0.5495452665613624,3.9562500000000003,3.22282872644514,13.96875,5.564017583245642,94.0,6.879922480183439
costa_rica_cloud_forest,211,22.03125,1.292397642626551,17.05,0.7266360849833974,9.15625,24.79018538992128,14.19375,4.361722710122686,91.875,9.803910784307794
costa_rica_cloud_forest,212,22.3,1.2722683155162933,16.943749999999998,0.7483036371242183,5.95625,10.42803712753907,14.45625,5.60546979892557,89.6875,11.77974957288991
costa_rica_cloud_forest,213,22.48125,0.9516433155337147,16.8125,0.7274384280931729,3.825,3.3235523164228966,13.25625,4.5268044284388225,92.0625,9.405450547421959
costa_rica_cloud_forest,214,22.4375,1.4641835039821103,16.975,0.4139243087006761,13.2875,27.513920719034815,11.225,3.595645514600497,91.75,9.93646483078028
costa_rica_cloud_forest,215,22.2875,1.7320026943781972,16.90625,0.7741393070156471,7.10625,8.03280513477909,11.30625,4.285085568962811,92.875,9.905385740427612
costa_rica_cloud_forest,216,22.525,1.5926916420533734,16.95625,0.7685213074469699,5.075,5.518393486030755,11.64375,3.4652501112233347,88.625,11.418552155739068
costa_rica_cloud_forest,217,22.55625,1.3706294174575404,16.93125,0.9112034167334238,4.28125,4.497439086117047,11.46875,4.409190212877341,90.5625,7.624248596856393
costa_rica_cloud_forest,218,22.66875,1.543467416781666,17.03125,0.8607893664151139,4.9625,7.893277730660016,13.275,4.316866147256982,92.75,6.952217871538069
costa_rica_cloud_forest,219,22.21875,1.612955362060586,16.85625,0.9824925784282877,5.00625,4.804784941423844,12.6375,4.4434033502860535,92.8125,11.267763753291959
costa_rica_cloud_forest,220,22.15625,1.340631070304826,16.85625,0.8602083081052723,7.6,10.34955715638758,10.65,3.406464442791089,92.75,9.248423289044103
costa_rica_cloud_forest,221,22.4625,1.1523165074463404,16.85625,0.8500735262317018,7.16875,10.715516397573504,12.0,6.354945580674419,91.5625,11.360567767501765
costa_rica_cloud_forest,222,22.18125,1.043212186789756,17.1375,0.8040522371090095,4.45,5.3128774375724745,13.00625,6.060634592735868,96.3125,4.541934242882283
costa_rica_cloud_forest,223,22.2625,0.8261355820929159,17.10625,0.6894140023720626,5.85625,6.351269558127729,11.575,4.325505750776434,95.0625,5.092068996652213
costa_rica_cloud_forest,224,22.15,1.111155554666702,16.75625,0.5464659184249276,6.71875,5.47201592955771,12.38125,6.5442309199273625,95.0,5.796550698475775
costa_rica_cloud_forest,225,22.175,1.2069244660154437,16.63125,0.49223131418741095,5.1875,5.374616265371882,11.2375,4.256896365506995,91.0,11.343133018115703
costa_rica_cloud_forest,226,22.14375,0.9858794720113283,16.74375,0.8318403292299142,7.05625,7.4323588673673,11.8625,4.558051484278489,92.25,11.97497390393816
costa_rica_cloud_forest,227,22.1,0.9729679679550932,16.6625,0.8724486613358224,12.475,20.09638441776696,10.95,4.906458328910307,92.875,7.744890788986844
costa_rica_cloud_forest,228,21.63125,1.3154055141539687,16.525,0.949034597191624,8.2125,8.669630903331466,10.50625,4.293168022179736,91.75,10.535653752852738
costa_rica_cloud_forest,229,22.3625,1.017103731189695,16.5375,1.1540508365463502,7.18125,8.407791525325385,10.55625,3.7548135772631905,89.1875,12.248639380219611
costa_rica_cloud_forest,230,22.56875,0.9519935223869257,16.74375,0.8770927354998825,4.7875,4.212342974323593,10.95625,3.803151105771809,88.8125,14.0390823536773
costa_rica_cloud_forest,231,22.20625,1.3834588296488388,16.7375,0.767571929311296,6.09375,6.093982687865137,11.1,4.327431878916949,88.3125,14.281544034172216
costa_rica_cloud_forest,232,22.4125,1.2214062933083867,16.6375,0.8452810183601674,9.81875,21.659000246240975,10.53125,3.5670190635879697,90.375,5.714017850864663
costa_rica_cloud_forest,233,22.25,1.1301917241483126,16.787499999999998,0.8081872720271371,10.450000000000001,18.53040744290314,10.7875,3.576380852202404,93.8125,6.462391198310423
costa_rica_cloud_forest,234,22.14375,0.8808849716809414,16.60625,0.8473242197254445,11.15,14.707911703116341,10.5125,4.244506253185797,92.0,8.996295533903567
costa_rica_cloud_forest,235,21.7875,1.3245754036671533,16.6,0.6521758454077655,12.3125,14.389064134496957,11.26875,4.759792537495726,94.1875,6.337389052283283
costa_rica_cloud_forest,236,21.9125,1.4282273395133331,16.475,0.8258329128825045,8.98125,12.109292230899928,10.45,3.6306106006198644,93.625,10.397916457957654
costa_rica_cloud_forest,237,22.1125,1.7696986560805583,16.50625,0.6495831997006484,9.9375,20.546333817334258,10.7125,3.252255627509416,88.0,10.55777754390888
costa_rica_cloud_forest,238,22.09375,1.4865928606492542,16.6125,0.5920304046246256,7.1375,6.87428784190285,11.08125,5.3336939982217455,92.125,8.172107031441364
costa_rica_cloud_forest,239,22.14375,1.3711157257260715,16.78125,0.7440598094239464,12.2125,19.03375510332455,10.3875,4.857142507002789,94.125,6.839834305985294
costa_rica_cloud_forest,240,21.818749999999998,1.5612895311248325,16.6125,0.871684193577773,10.41875,16.399073906779,10.1,5.033885179461287,92.6875,9.63132908792966
costa_rica_cloud_forest,241,22.25,1.2904779476354227,16.7125,0.8792989631898065,5.16875,5.055652776842966,10.38125,4.931966308346668,90.25,11.67618659209133
costa_rica_cloud_forest,242,22.5875,1.15,16.66875,0.8187134215747692,11.412500000000001,20.058709662720915,9.299999999999999,4.568296546124533,90.3125,8.912304228798893
costa_rica_cloud_forest,243,22.7,1.0282671507606054,16.6375,0.7923593460882083,10.0125,13.958408457509282,9.73125,3.7728360243544468,89.8125,11.350293681956723
costa_rica_cloud_forest,244,22.45,1.1448435118681795,16.6,0.7702813338860885,6.45625,7.760581485945496,10.1125,2.8665600755376937,87.1875,16.351223195834617
costa_rica_cloud_forest,245,22.4625,1.1383467544352783,16.66875,0.8934716932654706,6.48125,7.686977624528382,9.95625,3.2816598950327975,88.625,12.07683733433551
costa_rica_cloud_forest,246,22.375,0.921954445729289,16.63125,0.792227871259274,5.16875,4.349056411069724,9.7125,3.01482448355898,93.5625,7.032958125852875
costa_rica_cloud_forest,247,22.25,1.0601886624558863,16.58125,0.6123384140598503,6.33125,5.817412798372372,9.10625,2.4890342839476247,90.875,10.86814918312528
costa_rica_cloud_forest,248,22.11875,1.1554039697583414,16.53125,0.7700378778562323,9.38125,10.134181022657922,9.64375,3.5657572828222626,89.1875,9.396586259559019
costa_rica_cloud_forest,249,22.5,0.5477225575051664,16.2625,0.9715108508572272,7.1875,7.700378778562347,8.66875,2.3677608972754545,89.9375,11.233691883496418
costa_rica_cloud_forest,250,22.18125,1.2666063582134202,16.51875,0.8565191182921712,7.51875,6.739062125647258,8.91875,3.855250748438204,91.8125,9.453174070120575
costa_rica_cloud_forest,251,22.14375,1.227446536513912,16.85625,0.7907538597229024,14.39375,22.844327341085506,8.3625,3.279405433916337,94.9375,7.911752860986831
costa_rica_cloud_forest,252,22.33125,1.0390500469178567,16.7375,0.664203783990025,17.075,32.089801079678466,8.40625,4.300150191175497,93.0625,6.361014070099203
costa_rica_cloud_forest,253,22.05625,1.24631122383884,16.88125,0.6764798592715072,10.15625,9.708207438382571,9.0375,3.9174609123767907,93.3125,8.692669325356857
costa_rica_cloud_forest,254,22.0375,1.2021508502125124,16.85625,0.6782022805427113,8.55,10.071875032319785,11.575,3.7971041597512185,91.625,9.358596760910972
costa_rica_cloud_forest,255,22.246666666666666,0.9500877152487895,16.566666666666666,0.7724420150837645,10.846666666666668,12.425484564662526,8.666666666666666,2.6201599369576836,85.73333333333333,15.595176299405011
costa_rica_cloud_forest,256,22.21333333333333,1.1444691012908663,16.42,0.4887301329539065,7.333333333333333,6.452094528873845,8.653333333333334,3.0476845231061813,84.8,17.877359984069233
costa_rica_cloud_forest,257,22.366666666666667,1.3156566348984762,16.453333333333333,0.5767726299562648,9.053333333333335,7.466866493924693,8.06,2.2519198158777454,90.0,8.750510189207747
costa_rica_cloud_forest,258,22.726666666666667,1.0633281086600996,16.62666666666667,0.6933012813104176,6.833333333333333,5.797988156823596,7.986666666666666,2.625388860086571,86.53333333333333,14.681702249820384
costa_rica_cloud_forest,259,22.60666666666667,0.7741047056038965,16.76,0.7365944804106447,7.16,6.173769397331632,9.073333333333332,2.1425841095897886,88.86666666666666,15.449764985113466
costa_rica_cloud_forest,260,22.153333333333332,1.117309694033375,16.673333333333332,0.7610769312218677,12.42,17.39746286921499,9.046666666666665,3.694564862579831,88.6,14.431117172871364
costa_rica_cloud_forest,261,22.026666666666664,1.1689229882164844,16.62,0.6270110502557809,8.686666666666667,7.734234348167951,9.513333333333332,3.7278616365085737,92.0,11.934344197674687
costa_rica_cloud_forest,262,22.09333333333333,1.0525253079187813,16.506666666666668,0.43501505173740224,8.413333333333334,7.067720047275972,8.193333333333333,3.7942563108441894,89.86666666666666,9.1093881452572
costa_rica_cloud_forest,263,22.533333333333335,1.2098799625622065,16.62666666666667,0.9779473157491418,13.266666666666667,18.234451954891274,8.28,3.205397234130495,83.33333333333333,15.664640193153256
costa_rica_cloud_forest,264,22.34,1.1770422980626352,16.886666666666667,0.7229568912920521,9.520000000000001,10.458639627463166,10.3,3.2636526425814023,88.53333333333333,11.07033788790482
costa_rica_cloud_forest,265,22.126666666666665,1.09574936306925,16.68,0.6656897604311316,12.046666666666665,13.383458162259574,9.08,3.034139087121749,89.66666666666667,10.286375640113663
costa_rica_cloud_forest,266,22.32,1.194750422234105,16.64,0.6021390442177187,8.139999999999999,7.995963267263587,9.413333333333332,3.00044441152751,87.6,17.02015611813577
costa_rica_cloud_forest,267,22.373333333333335,1.0074484507667774,16.686666666666667,0.6770383684703197,11.306666666666667,9.155986852223808,9.2,2.8390139133156773,88.6,17.278392782398978
costa_rica_cloud_forest,268,21.853333333333335,1.6176997190308158,16.8,0.6813851438692463,20.946666666666665,37.17896614766909,8.82,2.2460123393631277,95.86666666666666,5.026595932305146
costa_rica_cloud_forest,269,21.82,1.3240630110167935,16.9,0.596417878432803,8.793333333333333,8.784521018462504,8.466666666666667,3.4448028487370173,93.26666666666667,6.238894896038042
costa_rica_cloud_forest,270,22.40666666666667,1.1435949999057917,16.8,0.8920281866142376,11.04,9.025978379892438,7.846666666666667,2.6049038004355953,93.13333333333334,8.724895960629533
costa_rica_cloud_forest,271,22.533333333333335,1.2528063735165973,16.8,0.8652002245558118,12.46,9.05600037859666,7.506666666666666,2.532493595159484,86.46666666666667,11.587349423689039
costa_rica_cloud_forest,272,22.173333333333336,1.3635388132495891,16.473333333333336,0.9098403836989911,8.266666666666667,8.663195275471539,8.386666666666667,3.916971619333828,91.26666666666667,8.564600454917962
costa_rica_cloud_forest,273,22.18,1.4403372620922597,16.37333333333333,0.8867812314099516,14.826666666666666,15.577661050668802,7.953333333333333,2.0269141452910513,91.66666666666667,10.181682899534175
costa_rica_cloud_forest,274,22.026666666666664,1.5636343501446823,16.21333333333333,0.6631813656983478,9.266666666666667,9.427972563953857,8.693333333333333,2.420586312288429,87.4,12.028537495710538
costa_rica_cloud_forest,275,21.826666666666664,1.5507908888539361,16.293333333333333,0.9074821262833836,10.813333333333334,10.37971006109424,8.6,2.969126855780043,93.13333333333334,8.467304062996563
costa_rica_cloud_forest,276,21.92,1.209013765725719,16.593333333333334,0.5993647430722738,21.813333333333333,33.07242845346443,9.286666666666667,3.082176102011292,91.4,9.386920992225603
costa_rica_cloud_forest,277,21.853333333333335,1.654373712603165,16.733333333333334,0.7057586259446189,27.133333333333333,53.32064283540618,9.893333333333334,3.873807036028118,92.53333333333333,7.5201317111059245
costa_rica_cloud_forest,278,21.56,2.0611369955162404,16.453333333333333,0.7219682092987858,29.626666666666665,66.26591956079757,10.96,6.597813490630275,93.0,9.350324669687755
costa_rica_cloud_forest,279,21.9,1.391812795293554,16.546666666666667,1.0802557016523358,8.653333333333332,7.435039308827461,8.753333333333334,4.496644251417886,93.33333333333333,8.380817098475262
costa_rica_cloud_forest,280,22.4,1.0092429977817186,16.433333333333334,0.9271050693011066,15.226666666666665,19.66165472859969,8.113333333333333,3.383967803516767,92.93333333333334,7.478222350519511
costa_rica_cloud_forest,281,22.026666666666664,1.0305800493388362,16.913333333333334,0.6104643041707406,17.526666666666664,17.442004581169098,8.873333333333333,2.1588577226548926,93.46666666666667,7.586328555525453
costa_rica_cloud_forest,282,21.64,1.634363135029317,16.706666666666667,0.5020908663730493,20.706666666666667,31.928770426566395,10.366666666666667,3.3459285848980844,91.06666666666666,12.279289571508295
costa_rica_cloud_forest,283,21.573333333333334,1.392565292989201,16.44666666666667,0.5974549195984417,8.886666666666667,12.408457177417727,9.526666666666667,2.559427019210875,90.73333333333333,12.22682453032013
costa_rica_cloud_forest,284,21.5,1.5748015748023627,16.573333333333334,0.6029293569928469,18.30666666666667,28.716557360983696,7.98,2.6598066524789785,90.06666666666666,15.294567974408743
costa_rica_cloud_forest,285,21.68,1.724694589940906,16.46,0.6138869137366774,10.113333333333333,7.982200436566587,9.379999999999999,2.761262651138321,86.46666666666667,17.848035772946584
costa_rica_cloud_forest,286,21.706666666666667,1.0504874152143895,16.473333333333333,0.6974101751343699,14.413333333333332,19.21933054678718,8.873333333333333,2.6072609236149575,92.4,9.124535213211841
costa_rica_cloud_forest,287,21.146666666666665,1.554195550606104,16.6,0.46904157598234153,24.90666666666667,31.4029677093166,8.773333333333333,2.9569450129354466,95.6,5.487648468541485
costa_rica_cloud_forest,288,21.453333333333333,1.283892889761819,16.493333333333332,0.775947960945343,15.5,12.892688958143237,8.873333333333333,3.6135591213939646,94.8,5.321116961154462
costa_rica_cloud_forest,289,21.3,1.2889641466808033,16.36,0.8508818954473052,15.4,24.14941584623292,7.9399999999999995,2.5201473879800877,93.2,11.409269414446683
costa_rica_cloud_forest,290,21.21333333333333,1.4628087789624191,16.346666666666668,0.779987789892221,17.21333333333333,26.049537058312207,8.673333333333334,3.4980538807143824,93.66666666666667,11.7574697634353
costa_rica_cloud_forest,291,21.28666666666667,1.0809167185222703,16.46,0.8261788114999249,12.020000000000001,7.862587723789523,9.1,3.524607374283998,92.0,15.28771682476771
costa_rica_cloud_forest,292,21.52,1.199523715004061,16.38,0.787582195256923,11.886666666666667,9.650082654469612,9.373333333333333,4.232437100480503,92.2,12.990106125157611
costa_rica_cloud_forest,293,20.986666666666668,1.508957382086182,16.333333333333332,1.054017258375015,14.686666666666667,15.52720500405966,8.626666666666667,2.932202162847835,92.2,10.359260867179941
costa_rica_cloud_forest,294,20.886666666666667,1.2760803079669205,16.273333333333333,0.8489208836320752,10.133333333333333,17.32090671771572,8.786666666666667,3.2184438712491095,95.73333333333333,5.58654847016687
costa_rica_cloud_forest,295,21.573333333333334,1.2803273390965673,16.266666666666666,0.7907199853539141,9.266666666666667,7.59799472292024,8.24,2.6199236630100504,90.0,10.757057484009541
costa_rica_cloud_forest,296,21.733333333333334,0.964118151226192,16.446666666666665,0.6967953856935395,10.273333333333333,11.674848831487937,7.7733333333333325,2.1677726115158147,92.4,6.663332499583074
costa_rica_cloud_forest,297,21.173333333333336,0.9895645988201554,16.393333333333334,0.6273147611237986,18.793333333333333,19.8091777671241,6.926666666666667,2.168431515657167,93.2,7.992853951231331
costa_rica_cloud_forest,298,21.720000000000002,1.2995603652224639,16.54,0.7346524931655006,26.30666666666667,38.638294599060785,8.526666666666667,3.0548478256854694,91.8,12.593649193144934
costa_rica_cloud_forest,299,20.946666666666665,1.4141462172666321,16.493333333333332,0.6912376753400548,20.253333333333334,24.839308325620465,9.479999999999999,2.384533497353308,94.26666666666667,11.048378463225573
costa_rica_cloud_forest,300,21.513333333333332,1.2512089391959318,16.266666666666666,0.6757711644237757,9.293333333333333,10.175072247315752,9.273333333333333,3.3792363183474,91.66666666666667,10.526610271570036
costa_rica_cloud_forest,301,21.826666666666664,0.9837731058580139,16.066666666666666,0.6019808571549032,6.966666666666667,9.72152741281406,10.546666666666665,7.385397432643367,87.0,12.97249838256742
costa_rica_cloud_forest,302,21.779999999999998,1.2729044403590213,16.486666666666668,0.9077969145658282,4.7,5.277715956195986,9.5,3.80037592125531,88.13333333333334,12.574729003990882
costa_rica_cloud_forest,303,21.566666666666666,1.3334523756382286,16.393333333333334,0.644167975727124,12.853333333333333,21.973616214082956,9.873333333333333,3.2272205349111767,89.26666666666667,8.746155618055175
costa_rica_cloud_forest,304,21.240000000000002,1.4281856622002214,16.266666666666666,0.878038940453315,10.76,14.628045470455522,10.586666666666668,4.20116763814651,90.66666666666667,11.126972805283739
costa_rica_cloud_forest,305,20.913333333333334,1.2743999521717033,16.4,0.5304984179322044,11.113333333333333,10.251123051135608,9.753333333333332,4.779848573014879,89.06666666666666,12.986073126164635
costa_rica_cloud_forest,306,20.926666666666666,1.3101072293445881,16.346666666666668,0.6864678399153852,10.780000000000001,13.723244097932113,10.806666666666667,3.7124244420722206,87.13333333333334,17.170850160609266
costa_rica_cloud_forest,307,21.240000000000002,0.8658604308514642,16.293333333333333,0.7950441736754227,11.386666666666667,13.882407503572212,9.84,3.479901476437844,92.2,10.427984327896603
costa_rica_cloud_forest,308,21.153333333333332,1.427718793173554,16.586666666666666,0.661023737056681,10.906666666666666,15.288859934450251,9.906666666666666,3.344604752789327,89.13333333333334,15.05640189737369
costa_rica_cloud_forest,309,21.206666666666667,1.7227331551373586,16.46,0.6434283176858167,15.433333333333334,28.924005518567014,11.373333333333333,4.912879089941147,88.06666666666666,12.98607312616463
costa_rica_cloud_forest,310,20.88,1.734605760066864,16.586666666666666,0.602218122167265,23.413333333333334,58.17146903357186,11.786666666666667,5.619464472027647,89.86666666666666,14.999365065927037
costa_rica_cloud_forest,311,21.506666666666668,1.7498843499200845,16.426666666666666,0.6227435457790983,6.533333333333333,9.561505161447174,12.479999999999999,4.12227399103248,88.26666666666667,15.21027221822085
costa_rica_cloud_forest,312,21.40666666666667,1.5177364097641612,16.42,0.7437357441610946,10.526666666666667,27.229932759653266,12.546666666666665,5.518911210771646,85.93333333333334,17.938253883278396
costa_rica_cloud_forest,313,20.973333333333336,1.6006546279866984,16.153333333333332,0.9694377359116596,8.986666666666668,13.910215499340593,12.879999999999999,6.865982397713694,89.73333333333333,12.702455705586262
costa_rica_cloud_forest,314,21.19333333333333,1.1664761749245756,16.233333333333334,0.7168050807643066,8.293333333333333,13.892056654622385,13.026666666666667,4.767519071303029,90.93333333333334,10.586154479633608
costa_rica_cloud_forest,315,21.273333333333333,0.9917276891989095,16.406666666666666,0.8606199315996969,11.080000000000002,16.20441738715536,12.253333333333334,5.635584222049166,87.66666666666667,14.53403231171911
costa_rica_cloud_forest,316,21.326666666666664,1.2138878900144807,16.413333333333334,0.816671525738702,9.7,23.69816147178631,11.053333333333333,4.147437533614954,90.8,8.76844993631795
costa_rica_cloud_forest,317,21.233333333333334,1.3756383799461815,16.466666666666665,0.8933617621631436,5.359999999999999,8.778610368389748,11.613333333333333,2.9625921725665143,88.13333333333334,12.099980322691597
costa_rica_cloud_forest,318,20.993333333333332,1.4992696634726934,16.506666666666668,0.8539543870945894,11.513333333333332,19.269215517676546,10.233333333333333,3.881580434135903,88.46666666666667,15.212150532042596
costa_rica_cloud_forest,319,21.0,1.6587430697454537,16.4,0.8141603913585711,6.1,6.6791787348018,10.72,3.9093660428697214,91.66666666666667,11.062592480108465
costa_rica_cloud_forest,320,21.066666666666666,1.4115172518892407,16.52,0.6460871237136452,5.433333333333334,6.684060642054849,11.406666666666666,4.651799447013822,94.4,9.708611788363093
costa_rica_cloud_forest,321,21.166666666666668,1.4854853303438136,16.246666666666666,0.931102776793401,5.873333333333333,5.340073122381468,12.093333333333334,4.871999687231204,88.6,16.52184700847422
costa_rica_cloud_forest,322,20.9,1.4643379781613648,16.053333333333335,1.103802949978369,10.426666666666668,17.41438103024815,12.44,5.102492388179386,84.8,15.938273790739428
costa_rica_cloud_forest,323,21.2,1.0309496315810698,16.14,0.945515732285825,6.486666666666666,9.515766365554038,11.646666666666667,4.0387173824418685,85.13333333333334,18.082614644485247
costa_rica_cloud_forest,324,21.10666666666667,1.255540103852105,16.193333333333335,0.781451640644939,8.873333333333335,16.281210321220275,11.593333333333334,4.99320490647993,87.33333333333333,13.735598518691006
costa_rica_cloud_forest,325,21.1,1.1643514442445138,16.44,0.6115553940568264,4.926666666666666,6.117243387888589,12.06,4.271132335642555,87.46666666666667,11.63041988350664
costa_rica_cloud_forest,326,21.16,1.2004760960314274,16.206666666666667,0.6158231038521496,6.486666666666666,9.956754108691868,12.766666666666667,4.260561107692384,82.93333333333334,20.572056868712078
costa_rica_cloud_forest,327,20.88,1.3576239748703822,15.986666666666668,0.4969430359230141,4.066666666666667,7.215426595315135,14.146666666666667,5.114666120462754,76.86666666666666,23.721198074617526
costa_rica_cloud_forest,328,20.993333333333332,1.3791646885326052,15.786666666666667,0.8399546473017512,3.04,4.529080638338362,14.406666666666666,5.56487282188996,75.46666666666667,23.901185465718363
costa_rica_cloud_forest,329,20.793333333333333,1.3817518211452064,16.08,0.7701576832979469,6.493333333333334,8.076461978814615,13.793333333333333,3.9775201654632335,83.66666666666667,20.8246648632497
costa_rica_cloud_forest,330,20.98,1.2456782432531603,16.393333333333334,0.675559732652081,4.58,5.144650480978137,13.393333333333334,5.6598165879756035,85.2,15.721686568922202
costa_rica_cloud_forest,331,21.02,1.4512063946937392,16.58,0.7965999175065411,5.413333333333333,6.655058942173956,14.773333333333333,6.089506978245057,90.6,12.034474289663478
costa_rica_cloud_forest,332,20.366666666666667,1.9407902170679514,16.533333333333335,0.7593857166596328,7.546666666666667,7.6754587267906444,17.653333333333332,5.906034041151312,91.06666666666666,13.8278531887464
costa_rica_cloud_forest,333,20.733333333333334,1.3270088096739916,16.366666666666667,0.8355209381548961,5.766666666666667,12.058409434715596,16.666666666666668,4.600103518503945,87.26666666666667,17.628980469129583
costa_rica_cloud_forest,334,20.740000000000002,1.6813260073100478,16.353333333333335,0.6717425810815444,9.893333333333333,22.435382344688954,16.28666666666667,5.224101654374472,85.4,16.774981371077583
costa_rica_cloud_forest,335,20.733333333333334,1.8168523277780129,16.220000000000002,0.664615893365698,4.066666666666666,5.760786983274652,15.386666666666667,4.623212653349968,82.66666666666667,20.144714537801814
costa_rica_cloud_forest,336,21.006666666666668,1.7535542138617735,15.946666666666665,0.8871033654272648,7.193333333333333,13.675288801686193,15.086666666666668,5.017521680025291,78.46666666666667,21.128405614468967
costa_rica_cloud_forest,337,20.6,1.953019640015357,15.873333333333333,0.7923443214976188,7.5,12.304412681171394,16.513333333333332,5.763291057158557,77.33333333333333,23.63915234964071
costa_rica_cloud_forest,338,20.953333333333333,1.66813268856727,15.946666666666665,1.0027581012007893,4.906666666666666,11.78282446533735,16.28666666666667,6.611771608995868,80.46666666666667,18.77257371298682
costa_rica_cloud_forest,339,20.573333333333334,1.7069047452988724,16.053333333333335,1.058885307877154,9.72,17.47913858616281,17.753333333333334,7.084577481772508,84.73333333333333,16.837316831824428
costa_rica_cloud_forest,340,20.740000000000002,1.6539131087903534,16.06,1.1076358349462805,5.766666666666667,8.24574926567507,17.453333333333333,6.736347745802688,82.73333333333333,14.849082062378072
costa_rica_cloud_forest,341,21.08,1.7953113538166174,15.786666666666667,0.8509378579515898,5.62,11.218938070449067,14.626666666666667,5.693914880525232,76.4,18.49246950981476
costa_rica_cloud_forest,342,20.90666666666667,1.3046437207510866,15.6,0.6938505396903372,1.88,2.354388000551918,16.706666666666667,6.582603335054199,75.86666666666666,18.38037255438788
costa_rica_cloud_forest,343,20.86,1.5230608279757878,15.860000000000001,0.7660660172969065,3.5266666666666664,4.913605988428846,18.486666666666668,7.3848171141554895,77.6,16.216393821421228
costa_rica_cloud_forest,344,20.366666666666667,2.228281421911984,15.726666666666667,1.2936474827107305,3.5733333333333333,3.780677691833015,18.753333333333334,9.182270701634495,83.4,16.60808753073548
costa_rica_cloud_forest,345,20.6,2.3955315544929543,15.873333333333333,1.5059248068245377,3.3,3.2430144706958766,18.273333333333333,8.495247971380122,85.33333333333333,13.667828057505107
costa_rica_cloud_forest,346,20.266666666666666,2.2346833162239172,15.88,1.311051922258284,4.16,7.588788723222849,19.513333333333332,7.397283928835606,83.2,19.128139331511424
costa_rica_cloud_forest,347,19.886666666666667,2.3169766836075314,15.680000000000001,1.2013088100662783,7.2733333333333325,11.57166901572646,17.78666666666667,6.942093824392368,80.13333333333334,21.810438741465934
costa_rica_cloud_forest,348,20.473333333333336,2.337418193119025,15.5,1.1433034842695335,5.833333333333333,8.299885254513779,14.686666666666667,5.796534268320125,81.8,24.585710135303046
costa_rica_cloud_forest,349,20.92,1.4368616595105559,15.873333333333333,0.9632286975633165,2.2133333333333334,2.9071013218046073,16.37333333333333,6.395921319388594,77.86666666666666,23.9310517548903
costa_rica_cloud_forest,350,20.89333333333333,1.691772809243379,15.893333333333334,0.9223159256278001,2.24,2.012390192212804,15.433333333333334,7.78530361520682,77.13333333333334,21.784223212049152
costa_rica_cloud_forest,351,21.08,1.454156603867489,15.746666666666668,0.625490283887844,2.6266666666666665,4.689116070626694,15.986666666666668,5.9650010976728325,76.26666666666667,19.919361244300788
costa_rica_cloud_forest,352,21.113333333333333,1.9037056595217747,15.8,0.9783367810436535,0.9666666666666667,1.23095007828835,17.813333333333333,6.706379336834728,75.73333333333333,16.94725711758466
costa_rica_cloud_forest,353,21.026666666666664,2.266673669456969,15.246666666666666,1.1419698936903888,2.8666666666666667,4.967417648561282,18.173333333333336,6.997087829607264,70.93333333333334,23.608311692121934
costa_rica_cloud_forest,354,20.92,2.310596707099088,15.48,1.1929555134802208,3.18,3.9363144473697003,16.973333333333333,6.321557975538565,69.73333333333333,26.420951282394558
costa_rica_cloud_forest,355,20.646666666666665,2.1563416992233697,15.346666666666666,1.2076344448470127,3.3200000000000003,5.58687236807347,19.82,8.539253898488857,75.46666666666667,22.965398403021968
costa_rica_cloud_forest,356,20.69333333333333,2.33955632749541,15.6,1.2845232578665138,4.873333333333333,7.268962066472044,19.546666666666667,7.659901777313808,72.0,27.273744569771544
costa_rica_cloud_forest,357,20.220000000000002,2.0953008648606315,15.666666666666666,0.9788233947425035,3.2066666666666666,3.137211379249928,21.21333333333333,8.206431856143315,76.53333333333333,22.216038822264895
costa_rica_cloud_forest,358,20.573333333333334,2.3174698847378083,15.713333333333333,1.112825661269973,3.7,5.8164790527800045,20.613333333333333,7.628505439343623,73.33333333333333,20.45436267354601
costa_rica_cloud_forest,359,20.92,2.1912814254938344,15.753333333333334,1.0582105290581474,2.3733333333333335,3.8147208597871534,18.8,6.588734975048593,74.2,18.555707631731153
costa_rica_cloud_forest,360,20.826666666666664,2.0796519855380566,15.8,0.9710083124552241,1.4333333333333333,1.4690456895873725,17.686666666666667,6.71776606859609,69.06666666666666,27.6598385148335
costa_rica_cloud_forest,361,21.720000000000002,1.9243551795712912,15.606666666666666,1.2002777456350109,1.9266666666666665,3.1691519069813947,15.426666666666668,6.2764260379234775,72.73333333333333,24.14085649642432
costa_rica_cloud_forest,362,21.673333333333336,2.2217967846724735,15.733333333333333,1.2641579165971462,1.86,2.911994897954714,15.533333333333333,5.746013110554714,72.86666666666666,22.216038822264895
costa_rica_cloud_forest,363,21.506666666666668,2.1093217144945187,15.793333333333333,0.8786895003897789,3.1533333333333333,4.7375199459311235,14.979999999999999,6.396114892204932,74.33333333333333,23.39006708188838
costa_rica_cloud_forest,364,21.439999999999998,2.334462311907024,16.006666666666668,1.1170539484776556,2.853333333333333,5.120528246559092,17.486666666666668,5.382095538073659,73.93333333333334,27.26448937633678
costa_rica_cloud_forest,365,20.993333333333332,2.200476138951578,15.706666666666667,1.1834976411749494,2.1133333333333333,3.1547847258833155,18.759999999999998,5.995093231730667,73.4,24.726503998745965
costa_rica_cloud_forest,366,21.925,1.477328670269416,14.975000000000001,0.9429563439877098,1.2499999999999998,1.9157244060668013,14.975,5.082240319649069,82.0,25.67748689676101
