species,common_name,taxon_class,area_id,lat,lon,date
Ursus maritimus,Polar Bear,Mammalia,svalbard_arctic,77.8485,15.09567,2011-09-17
Rangifer tarandus,Svalbard Reindeer,Mammalia,svalbard_arctic,77.53294,15.273,2011-09-24
Rangifer tarandus,Svalbard Reindeer,Mammalia,svalbard_arctic,78.46064,11.66399,2011-09-26
Vulpes lagopus,Arctic Fox,Mammalia,svalbard_arctic,78.22855,16.02227,2011-10-02
Ovibos moschatus,Muskox,Mammalia,svalbard_arctic,77.38226,14.72226,2011-10-05
Bubo scandiacus,Snowy Owl,Aves,svalbard_arctic,78.36622,18.93213,2011-10-05
Rangifer tarandus,Svalbard Reindeer,Mammalia,svalbard_arctic,78.30578,19.01248,2011-10-06
Vulpes lagopus,Arctic Fox,Mammalia,svalbard_arctic,77.86306,15.06432,2011-10-07
Bubo scandiacus,Snowy Owl,Aves,svalbard_arctic,77.9159,18.94212,2011-10-08
Ovibos moschatus,Muskox,Mammalia,svalbard_arctic,78.90979,17.11506,2011-10-12
Ovibos moschatus,Muskox,Mammalia,svalbard_arctic,77.97904,17.74525,2011-10-24
Ursus maritimus,Polar Bear,Mammalia,svalbard_arctic,78.08708,16.98915,2011-10-27
Vulpes lagopus,Arctic Fox,Mammalia,svalbard_arctic,78.21221,15.65632,2011-11-11
Ovibos moschatus,Muskox,Mammalia,svalbard_arctic,78.24712,15.73808,2011-11-25
Rangifer tarandus,Svalbard Reindeer,Mammalia,svalbard_arctic,78.8243,16.32121,2011-11-29
Rangifer tarandus,Svalbard Reindeer,Mammalia,svalbard_arctic,78.47633,19.33477,2011-12-14
Ursus maritimus,Polar Bear,Mammalia,svalbard_arctic,78.50874,11.64493,2011-12-15
Rangifer tarandus,Svalbard Reindeer,Mammalia,svalbard_arctic,78.62946,15.74307,2011-12-25
Ovibos moschatus,Muskox,Mammalia,svalbard_arctic,77.78362,13.34757,2011-12-28
Bubo scandiacus,Snowy Owl,Aves,svalbard_arctic,77.79433,15.08839,2012-01-23
Ovibos moschatus,Muskox,Mammalia,svalbard_arctic,77.72516,15.42351,2012-02-11
Ursus maritimus,Polar Bear,Mammalia,svalbard_arctic,78.31182,14.8117,2012-02-19
Bubo scandiacus,Snowy Owl,Aves,svalbard_arctic,77.78359,14.34045,2012-03-02
Vulpes lagopus,Arctic Fox,Mammalia,svalbard_arctic,77.94382,12.00227,2012-03-12
Vulpes lagopus,Arctic Fox,Mammalia,svalbard_arctic,78.45057,14.34783,2012-03-19
Rangifer tarandus,Svalbard Reindeer,Mammalia,svalbard_arctic,78.71463,17.58108,2012-03-29
Rangifer tarandus,Svalbard Reindeer,Mammalia,svalbard_arctic,77.94251,15.23016,2012-04-01
Ovibos moschatus,Muskox,Mammalia,svalbard_arctic,78.47561,14.55595,2012-04-04
Ovibos moschatus,Muskox,Mammalia,svalbard_arctic,77.74023,16.80889,2012-04-07
Ovibos moschatus,Muskox,Mammalia,svalbard_arctic,78.26472,11.87441,2012-04-08
Ovibos moschatus,Muskox,Mammalia,svalbard_arctic,78.68211,17.08138,2012-04-14
Vulpes lagopus,Arctic Fox,Mammalia,svalbard_arctic,77.66141,17.27063,2012-04-14
Ovibos moschatus,Muskox,Mammalia,svalbard_arctic,77.8168,17.15802,2012-04-17
Ovibos moschatus,Muskox,Mammalia,svalbard_arctic,77.89114,19.09412,2012-04-20
Ovibos moschatus,Muskox,Mammalia,svalbard_arctic,78.72549,15.2419,2012-04-22
Vulpes lagopus,Arctic Fox,Mammalia,svalbard_arctic,78.0258,12.51686,2012-04-24
Vulpes lagopus,Arctic Fox,Mammalia,svalbard_arctic,78.1681,15.85005,2012-04-27
Ovibos moschatus,Muskox,Mammalia,svalbard_arctic,78.7873,15.66308,2012-05-01
Vulpes lagopus,Arctic Fox,Mammalia,svalbard_arctic,78.61967,13.52751,2012-05-06
Vulpes lagopus,Arctic Fox,Mammalia,svalbard_arctic,77.68558,12.96095,2012-05-15
Rangifer tarandus,Svalbard Reindeer,Mammalia,svalbard_arctic,78.37752,15.40012,2012-05-15
Vulpes lagopus,Arctic Fox,Mammalia,svalbard_arctic,78.87117,16.71714,2012-05-18
Vulpes lagopus,Arctic Fox,Mammalia,svalbard_arctic,78.64012,17.87935,2012-05-27
Ovibos moschatus,Muskox,Mammalia,svalbard_arctic,78.36568,13.19693,2012-05-27
Vulpes lagopus,Arctic Fox,Mammalia,svalbard_arctic,77.85029,16.85218,2012-05-29
Bubo scandiacus,Snowy Owl,Aves,svalbard_arctic,78.50578,12.94872,2012-06-04
Vulpes lagopus,Arctic Fox,Mammalia,svalbard_arctic,77.83368,17.26236,2012-06-10
Bubo scandiacus,Snowy Owl,Aves,svalbard_arctic,78.29436,19.58211,2012-06-16
Bubo scandiacus,Snowy Owl,Aves,svalbard_arctic,78.15653,15.72607,2012-06-19
Ovibos moschatus,Muskox,Mammalia,svalbard_arctic,77.72911,13.58335,2012-06-24
Rangifer tarandus,Svalbard Reindeer,Mammalia,svalbard_arctic,77.59028,15.84822,2012-06-25
Rangifer tarandus,Svalbard Reindeer,Mammalia,svalbard_arctic,78.20634,15.09445,2012-06-28
Ursus maritimus,Polar Bear,Mammalia,svalbard_arctic,78.18701,15.35643,2012-06-29
Rangifer tarandus,Svalbard Reindeer,Mammalia,svalbard_arctic,78.12704,13.9751,2012-07-01
Bubo scandiacus,Snowy Owl,Aves,svalbard_arctic,79.00926,17.23331,2012-07-02
Rangifer tarandus,Svalbard Reindeer,Mammalia,svalbard_arctic,77.89293,16.39391,2012-07-04
Ovibos moschatus,Muskox,Mammalia,svalbard_arctic,78.08028,15.22921,2012-07-04
Ovibos moschatus,Muskox,Mammalia,svalbard_arctic,78.46325,14.9263,2012-07-07
Ursus maritimus,Polar Bear,Mammalia,svalbard_arctic,78.07083,17.57505,2012-07-07
Bubo scandiacus,Snowy Owl,Aves,svalbard_arctic,78.29043,15.28424,2012-07-10
Vulpes lagopus,Arctic Fox,Mammalia,svalbard_arctic,77.4762,16.04181,2012-07-11
Rangifer tarandus,Svalbard Reindeer,Mammalia,svalbard_arctic,77.97208,15.34792,2012-07-23
Bubo scandiacus,Snowy Owl,Aves,svalbard_arctic,77.66981,17.27493,2012-07-28
Vulpes lagopus,Arctic Fox,Mammalia,svalbard_arctic,78.78276,14.87204,2012-08-03
Ovibos moschatus,Muskox,Mammalia,svalbard_arctic,78.07684,16.07959,2012-08-28
Ovibos moschatus,Muskox,Mammalia,svalbard_arctic,77.89932,14.09483,2012-09-02
Rangifer tarandus,Svalbard Reindeer,Mammalia,svalbard_arctic,78.12703,17.42112,2012-09-02
Vulpes lagopus,Arctic Fox,Mammalia,svalbard_arctic,77.76653,15.14287,2012-09-06
Rangifer tarandus,Svalbard Reindeer,Mammalia,svalbard_arctic,77.5402,16.53629,2012-09-14
Vulpes lagopus,Arctic Fox,Mammalia,svalbard_arctic,77.83495,15.2203,2012-09-17
Rangifer tarandus,Svalbard Reindeer,Mammalia,svalbard_arctic,77.57472,16.35972,2012-09-22
Ovibos moschatus,Muskox,Mammalia,svalbard_arctic,78.10301,13.79924,2012-09-23
Ursus maritimus,Polar Bear,Mammalia,svalbard_arctic,78.69844,16.03294,2012-09-24
Ovibos moschatus,Muskox,Mammalia,svalbard_arctic,78.26407,14.50198,2012-09-30
Ursus maritimus,Polar Bear,Mammalia,svalbard_arctic,78.45259,12.66475,2012-09-30
Rangifer tarandus,Svalbard Reindeer,Mammalia,svalbard_arctic,78.26251,15.44299,2012-10-02
Ovibos moschatus,Muskox,Mammalia,svalbard_arctic,78.23197,15.74414,2012-10-02
Ovibos moschatus,Muskox,Mammalia,svalbard_arctic,78.30459,15.57608,2012-10-05
Ursus maritimus,Polar Bear,Mammalia,svalbard_arctic,78.22123,15.66145,2012-10-06
Bubo scandiacus,Snowy Owl,Aves,svalbard_arctic,78.30155,17.23639,2012-10-07
Rangifer tarandus,Svalbard Reindeer,Mammalia,svalbard_arctic,78.71022,15.57831,2012-10-08
Ursus maritimus,Polar Bear,Mammalia,svalbard_arctic,78.19006,15.54836,2012-10-23
Rangifer tarandus,Svalbard Reindeer,Mammalia,svalbard_arctic,78.46551,14.12264,2012-10-23
Ursus maritimus,Polar Bear,Mammalia,svalbard_arctic,78.00901,19.40671,2012-10-25
Rangifer tarandus,Svalbard Reindeer,Mammalia,svalbard_arctic,78.1088,16.17846,2012-11-11
Rangifer tarandus,Svalbard Reindeer,Mammalia,svalbard_arctic,78.035,16.09024,2012-11-19
Bubo scandiacus,Snowy Owl,Aves,svalbard_arctic,77.51074,13.83652,2012-12-11
Ovibos moschatus,Muskox,Mammalia,svalbard_arctic,78.23084,15.59608,2012-12-15
Ovibos moschatus,Muskox,Mammalia,svalbard_arctic,78.11103,18.49173,2012-12-21
Rangifer tarandus,Svalbard Reindeer,Mammalia,svalbard_arctic,77.36748,15.25157,2012-12-30
Ovibos moschatus,Muskox,Mammalia,svalbard_arctic,78.0984,15.44271,2013-01-07
Ovibos moschatus,Muskox,Mammalia,svalbard_arctic,78.01623,12.9485,2013-01-30
Vulpes lagopus,Arctic Fox,Mammalia,svalbard_arctic,78.04928,16.30112,2013-01-31
Ursus maritimus,Polar Bear,Mammalia,svalbard_arctic,78.99094,13.6598,2013-02-04
Ovibos moschatus,Muskox,Mammalia,svalbard_arctic,78.20685,16.52201,2013-02-09
Rangifer tarandus,Svalbard Reindeer,Mammalia,svalbard_arctic,77.8913,17.93408,2013-02-11
Ovibos moschatus,Muskox,Mammalia,svalbard_arctic,78.1141,13.76938,2013-02-14
Bubo scandiacus,Snowy Owl,Aves,svalbard_arctic,78.79501,13.13921,2013-02-26
Rangifer tarandus,Svalbard Reindeer,Mammalia,svalbard_arctic,77.97578,15.32344,2013-03-08
Rangifer tarandus,Svalbard Reindeer,Mammalia,svalbard_arctic,78.17603,15.65201,2013-03-12
Rangifer tarandus,Svalbard Reindeer,Mammalia,svalbard_arctic,77.92497,14.45318,2013-03-20
Vulpes lagopus,Arctic Fox,Mammalia,svalbard_arctic,78.19138,16.11829,2013-03-27
Vulpes lagopus,Arctic Fox,Mammalia,svalbard_arctic,78.6083,15.52874,2013-03-29
Rangifer tarandus,Svalbard Reindeer,Mammalia,svalbard_arctic,78.74488,15.96468,2013-03-31
Ovibos moschatus,Muskox,Mammalia,svalbard_arctic,77.79421,19.02577,2013-04-04
Vulpes lagopus,Arctic Fox,Mammalia,svalbard_arctic,78.17426,15.94365,2013-04-05
Ovibos moschatus,Muskox,Mammalia,svalbard_arctic,77.66693,17.48677,2013-04-05
Ovibos moschatus,Muskox,Mammalia,svalbard_arctic,77.57125,17.10938,2013-04-06
Vulpes lagopus,Arctic Fox,Mammalia,svalbard_arctic,77.97882,16.72935,2013-04-07
Vulpes lagopus,Arctic Fox,Mammalia,svalbard_arctic,78.294,17.26655,2013-04-11
Ovibos moschatus,Muskox,Mammalia,svalbard_arctic,77.80104,18.70874,2013-04-12
Ovibos moschatus,Muskox,Mammalia,svalbard_arctic,78.85262,15.28333,2013-04-15
Ovibos moschatus,Muskox,Mammalia,svalbard_arctic,78.18289,16.83519,2013-04-15
Ovibos moschatus,Muskox,Mammalia,svalbard_arctic,78.15834,15.90775,2013-04-20
Ovibos moschatus,Muskox,Mammalia,svalbard_arctic,78.14437,15.28815,2013-04-25
Bubo scandiacus,Snowy Owl,Aves,svalbard_arctic,78.21673,15.65119,2013-04-27
Bubo scandiacus,Snowy Owl,Aves,svalbard_arctic,78.06531,16.1579,2013-05-02
Rangifer tarandus,Svalbard Reindeer,Mammalia,svalbard_arctic,78.78334,13.81655,2013-05-08
Rangifer tarandus,Svalbard Reindeer,Mammalia,svalbard_arctic,78.21454,15.88883,2013-05-11
Ovibos moschatus,Muskox,Mammalia,svalbard_arctic,78.36917,19.76209,2013-05-12
Rangifer tarandus,Svalbard Reindeer,Mammalia,svalbard_arctic,77.44237,14.67884,2013-05-14
Vulpes lagopus,Arctic Fox,Mammalia,svalbard_arctic,78.13614,15.83528,2013-05-31
Vulpes lagopus,Arctic Fox,Mammalia,svalbard_arctic,78.0881,19.65682,2013-06-05
Ovibos moschatus,Muskox,Mammalia,svalbard_arctic,78.22844,15.6073,2013-06-08
Ovibos moschatus,Muskox,Mammalia,svalbard_arctic,78.96434,13.66128,2013-06-09
Vulpes lagopus,Arctic Fox,Mammalia,svalbard_arctic,78.32586,18.54477,2013-06-10
Rangifer tarandus,Svalbard Reindeer,Mammalia,svalbard_arctic,78.65631,15.12195,2013-06-13
Vulpes lagopus,Arctic Fox,Mammalia,svalbard_arctic,78.26937,19.66295,2013-06-13
Ovibos moschatus,Muskox,Mammalia,svalbard_arctic,78.43621,16.35018,2013-06-13
Ovibos moschatus,Muskox,Mammalia,svalbard_arctic,78.13969,16.79332,2013-06-18
Bubo scandiacus,Snowy Owl,Aves,svalbard_arctic,77.71908,14.85359,2013-06-20
Ovibos moschatus,Muskox,Mammalia,svalbard_arctic,78.10273,14.21785,2013-06-22
Vulpes lagopus,Arctic Fox,Mammalia,svalbard_arctic,77.62769,15.12847,2013-06-24
Rangifer tarandus,Svalbard Reindeer,Mammalia,svalbard_arctic,78.12189,14.71256,2013-06-26
Rangifer tarandus,Svalbard Reindeer,Mammalia,svalbard_arctic,78.45312,17.28967,2013-07-04
Ovibos moschatus,Muskox,Mammalia,svalbard_arctic,77.91005,17.28532,2013-07-05
Ovibos moschatus,Muskox,Mammalia,svalbard_arctic,78.73356,15.56989,2013-07-11
Rangifer tarandus,Svalbard Reindeer,Mammalia,svalbard_arctic,78.39967,13.7962,2013-07-16
Rangifer tarandus,Svalbard Reindeer,Mammalia,svalbard_arctic,78.12173,15.72411,2013-07-20
Rangifer tarandus,Svalbard Reindeer,Mammalia,svalbard_arctic,77.976,13.94334,2013-07-23
Rangifer tarandus,Svalbard Reindeer,Mammalia,svalbard_arctic,77.85492,16.2068,2013-07-27
Ovibos moschatus,Muskox,Mammalia,svalbard_arctic,78.2975,12.10251,2013-07-27
Ovibos moschatus,Muskox,Mammalia,svalbard_arctic,78.02037,15.5513,2013-07-28
Rangifer tarandus,Svalbard Reindeer,Mammalia,svalbard_arctic,77.72494,12.53757,2013-08-01
Ovibos moschatus,Muskox,Mammalia,svalbard_arctic,78.87544,17.10734,2013-08-11
Ovibos moschatus,Muskox,Mammalia,svalbard_arctic,77.55633,14.19027,2013-08-15
Ovibos moschatus,Muskox,Mammalia,svalbard_arctic,78.18926,15.56088,2013-08-19
Ovibos moschatus,Muskox,Mammalia,svalbard_arctic,78.22215,15.35904,2013-08-20
Vulpes lagopus,Arctic Fox,Mammalia,svalbard_arctic,78.34076,14.9548,2013-08-31
Ursus maritimus,Polar Bear,Mammalia,svalbard_arctic,77.86326,15.35229,2013-08-31
Vulpes lagopus,Arctic Fox,Mammalia,svalbard_arctic,78.08582,15.35601,2013-09-04
Vulpes lagopus,Arctic Fox,Mammalia,svalbard_arctic,78.61478,18.50019,2013-09-27
Rangifer tarandus,Svalbard Reindeer,Mammalia,svalbard_arctic,78.43562,16.47779,2013-09-28
Rangifer tarandus,Svalbard Reindeer,Mammalia,svalbard_arctic,78.77869,15.60844,2013-10-09
Vulpes lagopus,Arctic Fox,Mammalia,svalbard_arctic,78.26875,19.71002,2013-10-10
Ursus maritimus,Polar Bear,Mammalia,svalbard_arctic,77.95771,12.9442,2013-10-19
Rangifer tarandus,Svalbard Reindeer,Mammalia,svalbard_arctic,78.96538,17.67399,2013-11-06
Ovibos moschatus,Muskox,Mammalia,svalbard_arctic,78.00611,14.80329,2013-11-09
Vulpes lagopus,Arctic Fox,Mammalia,svalbard_arctic,78.11391,16.2895,2013-11-13
Rangifer tarandus,Svalbard Reindeer,Mammalia,svalbard_arctic,78.20816,16.81886,2013-11-15
Ovibos moschatus,Muskox,Mammalia,svalbard_arctic,78.99351,15.59262,2013-11-20
Vulpes lagopus,Arctic Fox,Mammalia,svalbard_arctic,78.10463,17.75079,2013-11-21
Ursus maritimus,Polar Bear,Mammalia,svalbard_arctic,78.15106,16.60158,2013-11-21
Ursus maritimus,Polar Bear,Mammalia,svalbard_arctic,78.6117,11.92309,2013-11-21
Rangifer tarandus,Svalbard Reindeer,Mammalia,svalbard_arctic,78.52625,14.58491,2013-12-12
Ovibos moschatus,Muskox,Mammalia,svalbard_arctic,78.74303,14.34581,2013-12-16
Ovibos moschatus,Muskox,Mammalia,svalbard_arctic,78.65436,15.88465,2013-12-23
Ovibos moschatus,Muskox,Mammalia,svalbard_arctic,78.52557,19.71132,2013-12-26
Vulpes lagopus,Arctic Fox,Mammalia,svalbard_arctic,78.12806,15.27059,2013-12-29
Rangifer tarandus,Svalbard Reindeer,Mammalia,svalbard_arctic,78.24648,13.68701,2014-01-05
Ovibos moschatus,Muskox,Mammalia,svalbard_arctic,77.377,14.13897,2014-01-13
Rangifer tarandus,Svalbard Reindeer,Mammalia,svalbard_arctic,78.0799,15.54996,2014-01-14
Bubo scandiacus,Snowy Owl,Aves,svalbard_arctic,78.42891,15.59988,2014-01-17
Ovibos moschatus,Muskox,Mammalia,svalbard_arctic,77.85919,11.89932,2014-01-17
Ovibos moschatus,Muskox,Mammalia,svalbard_arctic,78.18376,15.87058,2014-01-26
Rangifer tarandus,Svalbard Reindeer,Mammalia,svalbard_arctic,78.1673,18.88645,2014-02-02
Bubo scandiacus,Snowy Owl,Aves,svalbard_arctic,78.80673,14.81224,2014-02-12
Rangifer tarandus,Svalbard Reindeer,Mammalia,svalbard_arctic,78.20794,13.97062,2014-02-22
Ovibos moschatus,Muskox,Mammalia,svalbard_arctic,78.57307,18.96138,2014-03-01
Ovibos moschatus,Muskox,Mammalia,svalbard_arctic,78.02095,15.83444,2014-03-02
Ursus maritimus,Polar Bear,Mammalia,svalbard_arctic,78.52822,15.16386,2014-03-08
Rangifer tarandus,Svalbard Reindeer,Mammalia,svalbard_arctic,78.0312,14.98767,2014-03-15
Ovibos moschatus,Muskox,Mammalia,svalbard_arctic,77.72019,14.86931,2014-03-23
Ovibos moschatus,Muskox,Mammalia,svalbard_arctic,78.2189,16.4752,2014-04-01
Ovibos moschatus,Muskox,Mammalia,svalbard_arctic,78.78266,16.794,2014-04-02
Rangifer tarandus,Svalbard Reindeer,Mammalia,svalbard_arctic,78.33826,18.58129,2014-04-06
Vulpes lagopus,Arctic Fox,Mammalia,svalbard_arctic,78.04172,15.89835,2014-04-09
Ovibos moschatus,Muskox,Mammalia,svalbard_arctic,78.43675,12.64623,2014-04-28
Ovibos moschatus,Muskox,Mammalia,svalbard_arctic,78.38411,15.22814,2014-05-08
Rangifer tarandus,Svalbard Reindeer,Mammalia,svalbard_arctic,77.90184,14.81776,2014-05-09
Ovibos moschatus,Muskox,Mammalia,svalbard_arctic,77.94288,12.56548,2014-05-09
Bubo scandiacus,Snowy Owl,Aves,svalbard_arctic,78.24712,14.62996,2014-05-09
Ursus maritimus,Polar Bear,Mammalia,svalbard_arctic,77.46075,16.40476,2014-05-10
Ovibos moschatus,Muskox,Mammalia,svalbard_arctic,78.00926,18.00876,2014-05-12
Ovibos moschatus,Muskox,Mammalia,svalbard_arctic,77.77374,13.59653,2014-05-21
Ovibos moschatus,Muskox,Mammalia,svalbard_arctic,78.4242,19.9244,2014-05-21
Rangifer tarandus,Svalbard Reindeer,Mammalia,svalbard_arctic,78.39608,16.03724,2014-05-21
Ovibos moschatus,Muskox,Mammalia,svalbard_arctic,77.73566,18.01926,2014-05-25
Bubo scandiacus,Snowy Owl,Aves,svalbard_arctic,77.48916,14.89147,2014-05-25
Ovibos moschatus,Muskox,Mammalia,svalbard_arctic,77.67496,16.36256,2014-05-28
Rangifer tarandus,Svalbard Reindeer,Mammalia,svalbard_arctic,78.07058,16.06099,2014-05-28
Rangifer tarandus,Svalbard Reindeer,Mammalia,svalbard_arctic,77.73568,14.84035,2014-06-06
Rangifer tarandus,Svalbard Reindeer,Mammalia,svalbard_arctic,78.0637,16.81041,2014-06-12
Bubo scandiacus,Snowy Owl,Aves,svalbard_arctic,78.24673,16.5024,2014-06-13
Vulpes lagopus,Arctic Fox,Mammalia,svalbard_arctic,78.21684,15.65046,2014-06-13
Ovibos moschatus,Muskox,Mammalia,svalbard_arctic,78.49641,15.16358,2014-06-22
Rangifer tarandus,Svalbard Reindeer,Mammalia,svalbard_arctic,78.98332,17.5599,2014-06-25
Rangifer tarandus,Svalbard Reindeer,Mammalia,svalbard_arctic,78.46779,14.64153,2014-06-28
Bubo scandiacus,Snowy Owl,Aves,svalbard_arctic,77.78672,17.52057,2014-07-02
Rangifer tarandus,Svalbard Reindeer,Mammalia,svalbard_arctic,77.53522,15.84645,2014-07-06
Rangifer tarandus,Svalbard Reindeer,Mammalia,svalbard_arctic,78.25214,16.68902,2014-07-07
Ovibos moschatus,Muskox,Mammalia,svalbard_arctic,77.61945,13.75888,2014-07-09
Vulpes lagopus,Arctic Fox,Mammalia,svalbard_arctic,78.24429,17.89382,2014-07-12
Rangifer tarandus,Svalbard Reindeer,Mammalia,svalbard_arctic,77.79995,14.84468,2014-07-13
Rangifer tarandus,Svalbard Reindeer,Mammalia,svalbard_arctic,78.57848,14.83031,2014-07-17
Rangifer tarandus,Svalbard Reindeer,Mammalia,svalbard_arctic,78.07739,13.62517,2014-07-19
Ovibos moschatus,Muskox,Mammalia,svalbard_arctic,78.28871,14.7945,2014-07-22
Rangifer tarandus,Svalbard Reindeer,Mammalia,svalbard_arctic,78.21277,15.56583,2014-07-23
Rangifer tarandus,Svalbard Reindeer,Mammalia,svalbard_arctic,78.22247,14.23505,2014-07-24
Vulpes lagopus,Arctic Fox,Mammalia,svalbard_arctic,78.76906,15.79796,2014-07-29
Bubo scandiacus,Snowy Owl,Aves,svalbard_arctic,77.93984,14.95863,2014-07-30
Bubo scandiacus,Snowy Owl,Aves,svalbard_arctic,78.87318,17.59591,2014-07-30
Vulpes lagopus,Arctic Fox,Mammalia,svalbard_arctic,78.48945,14.90192,2014-08-02
Vulpes lagopus,Arctic Fox,Mammalia,svalbard_arctic,77.63506,13.26526,2014-08-08
Vulpes lagopus,Arctic Fox,Mammalia,svalbard_arctic,77.94936,15.42497,2014-08-09
Rangifer tarandus,Svalbard Reindeer,Mammalia,svalbard_arctic,78.7604,15.83828,2014-08-12
Ovibos moschatus,Muskox,Mammalia,svalbard_arctic,78.22386,18.83913,2014-08-16
Rangifer tarandus,Svalbard Reindeer,Mammalia,svalbard_arctic,78.18076,15.83959,2014-08-21
Ovibos moschatus,Muskox,Mammalia,svalbard_arctic,78.12279,14.72775,2014-08-24
Ovibos moschatus,Muskox,Mammalia,svalbard_arctic,78.24593,15.66939,2014-09-04
Rangifer tarandus,Svalbard Reindeer,Mammalia,svalbard_arctic,77.82893,17.23033,2014-09-13
Vulpes lagopus,Arctic Fox,Mammalia,svalbard_arctic,77.81586,16.33478,2014-09-14
Ovibos moschatus,Muskox,Mammalia,svalbard_arctic,77.89976,15.69686,2014-09-15
Vulpes lagopus,Arctic Fox,Mammalia,svalbard_arctic,78.56229,17.48687,2014-09-17
Ursus maritimus,Polar Bear,Mammalia,svalbard_arctic,77.91129,15.5562,2014-09-17
Ovibos moschatus,Muskox,Mammalia,svalbard_arctic,78.26528,15.92447,2014-09-19
Bubo scandiacus,Snowy Owl,Aves,svalbard_arctic,78.27616,16.1779,2014-09-30
Ovibos moschatus,Muskox,Mammalia,svalbard_arctic,77.97313,13.0582,2014-10-01
Vulpes lagopus,Arctic Fox,Mammalia,svalbard_arctic,78.31091,15.99568,2014-10-14
Vulpes lagopus,Arctic Fox,Mammalia,svalbard_arctic,78.27873,15.96527,2014-10-15
Vulpes lagopus,Arctic Fox,Mammalia,svalbard_arctic,77.61879,13.83804,2014-10-21
Vulpes lagopus,Arctic Fox,Mammalia,svalbard_arctic,78.23971,19.44002,2014-10-21
Ursus maritimus,Polar Bear,Mammalia,svalbard_arctic,78.16106,13.61952,2014-10-23
Vulpes lagopus,Arctic Fox,Mammalia,svalbard_arctic,78.25793,15.55636,2014-10-27
Ovibos moschatus,Muskox,Mammalia,svalbard_arctic,77.75292,17.85026,2014-10-28
Ovibos moschatus,Muskox,Mammalia,svalbard_arctic,77.92099,18.54362,2014-10-28
Rangifer tarandus,Svalbard Reindeer,Mammalia,svalbard_arctic,78.60319,15.16153,2014-10-31
Bubo scandiacus,Snowy Owl,Aves,svalbard_arctic,78.23304,15.7264,2014-11-02
Rangifer tarandus,Svalbard Reindeer,Mammalia,svalbard_arctic,78.32774,17.17529,2014-11-07
Vulpes lagopus,Arctic Fox,Mammalia,svalbard_arctic,78.89486,17.44659,2014-11-08
Bubo scandiacus,Snowy Owl,Aves,svalbard_arctic,77.56884,16.55818,2014-11-16
Ovibos moschatus,Muskox,Mammalia,svalbard_arctic,78.50179,17.47976,2014-11-27
Bubo scandiacus,Snowy Owl,Aves,svalbard_arctic,78.22212,15.64485,2014-12-02
Rangifer tarandus,Svalbard Reindeer,Mammalia,svalbard_arctic,78.39803,13.3052,2014-12-08
Ovibos moschatus,Muskox,Mammalia,svalbard_arctic,77.93058,19.12396,2014-12-11
Rangifer tarandus,Svalbard Reindeer,Mammalia,svalbard_arctic,78.46494,16.5813,2014-12-12
Ovibos moschatus,Muskox,Mammalia,svalbard_arctic,78.58796,18.26907,2014-12-12
Ovibos moschatus,Muskox,Mammalia,svalbard_arctic,78.82728,15.12899,2014-12-17
Ovibos moschatus,Muskox,Mammalia,svalbard_arctic,78.15486,15.52966,2014-12-18
Rangifer tarandus,Svalbard Reindeer,Mammalia,svalbard_arctic,78.04888,13.97458,2015-01-04
Rangifer tarandus,Svalbard Reindeer,Mammalia,svalbard_arctic,78.06383,19.60218,2015-01-06
Ursus maritimus,Polar Bear,Mammalia,svalbard_arctic,78.53734,16.05643,2015-01-07
Ovibos moschatus,Muskox,Mammalia,svalbard_arctic,78.6697,15.4676,2015-01-10
Bubo scandiacus,Snowy Owl,Aves,svalbard_arctic,78.93343,18.25621,2015-01-23
Ovibos moschatus,Muskox,Mammalia,svalbard_arctic,77.94493,17.31721,2015-01-28
Vulpes lagopus,Arctic Fox,Mammalia,svalbard_arctic,77.90901,15.3966,2015-01-31
Vulpes lagopus,Arctic Fox,Mammalia,svalbard_arctic,78.27856,18.99275,2015-02-04
Ovibos moschatus,Muskox,Mammalia,svalbard_arctic,78.12612,16.48576,2015-02-09
Ovibos moschatus,Muskox,Mammalia,svalbard_arctic,77.78075,14.84757,2015-02-13
Rangifer tarandus,Svalbard Reindeer,Mammalia,svalbard_arctic,78.80262,14.28081,2015-02-28
Ovibos moschatus,Muskox,Mammalia,svalbard_arctic,78.33862,14.67783,2015-03-05
Rangifer tarandus,Svalbard Reindeer,Mammalia,svalbard_arctic,78.89578,16.00826,2015-03-09
Rangifer tarandus,Svalbard Reindeer,Mammalia,svalbard_arctic,77.94089,14.4663,2015-03-15
Vulpes lagopus,Arctic Fox,Mammalia,svalbard_arctic,78.59906,18.47752,2015-03-17
Ovibos moschatus,Muskox,Mammalia,svalbard_arctic,78.69235,14.68183,2015-03-25
Vulpes lagopus,Arctic Fox,Mammalia,svalbard_arctic,78.64319,12.62726,2015-04-01
Ovibos moschatus,Muskox,Mammalia,svalbard_arctic,77.7722,16.09361,2015-04-11
Ovibos moschatus,Muskox,Mammalia,svalbard_arctic,78.34853,15.39928,2015-04-27
Bubo scandiacus,Snowy Owl,Aves,svalbard_arctic,77.82376,15.5986,2015-04-29
Bubo scandiacus,Snowy Owl,Aves,svalbard_arctic,78.68589,12.69417,2015-05-01
Ovibos moschatus,Muskox,Mammalia,svalbard_arctic,77.6727,16.97136,2015-05-06
Rangifer tarandus,Svalbard Reindeer,Mammalia,svalbard_arctic,77.74994,19.32178,2015-05-06
Rangifer tarandus,Svalbard Reindeer,Mammalia,svalbard_arctic,78.78007,18.382,2015-05-15
Vulpes lagopus,Arctic Fox,Mammalia,svalbard_arctic,77.92742,16.40065,2015-05-25
Rangifer tarandus,Svalbard Reindeer,Mammalia,svalbard_arctic,78.2176,15.3906,2015-05-28
Rangifer tarandus,Svalbard Reindeer,Mammalia,svalbard_arctic,78.6174,11.83384,2015-05-31
Bubo scandiacus,Snowy Owl,Aves,svalbard_arctic,77.478,17.59497,2015-06-02
Bubo scandiacus,Snowy Owl,Aves,svalbard_arctic,77.447,17.51974,2015-06-07
Vulpes lagopus,Arctic Fox,Mammalia,svalbard_arctic,77.86611,13.14282,2015-06-15
Ovibos moschatus,Muskox,Mammalia,svalbard_arctic,78.21926,15.74663,2015-06-16
Vulpes lagopus,Arctic Fox,Mammalia,svalbard_arctic,78.01826,12.05396,2015-06-18
Ovibos moschatus,Muskox,Mammalia,svalbard_arctic,77.74209,11.96552,2015-06-26
Rangifer tarandus,Svalbard Reindeer,Mammalia,svalbard_arctic,78.23853,17.91419,2015-06-28
Vulpes lagopus,Arctic Fox,Mammalia,svalbard_arctic,78.48808,18.25189,2015-06-29
Ovibos moschatus,Muskox,Mammalia,svalbard_arctic,77.67211,16.92162,2015-06-30
Ursus maritimus,Polar Bear,Mammalia,svalbard_arctic,78.13548,14.99581,2015-07-01
Ovibos moschatus,Muskox,Mammalia,svalbard_arctic,77.72747,13.99702,2015-07-06
Rangifer tarandus,Svalbard Reindeer,Mammalia,svalbard_arctic,78.48248,13.97529,2015-07-06
Ovibos moschatus,Muskox,Mammalia,svalbard_arctic,77.799,18.09021,2015-07-14
Rangifer tarandus,Svalbard Reindeer,Mammalia,svalbard_arctic,77.37482,14.57774,2015-07-19
Vulpes lagopus,Arctic Fox,Mammalia,svalbard_arctic,78.11753,15.36091,2015-07-20
Vulpes lagopus,Arctic Fox,Mammalia,svalbard_arctic,78.2181,15.68716,2015-07-22
Ovibos moschatus,Muskox,Mammalia,svalbard_arctic,78.24117,13.56698,2015-07-31
Vulpes lagopus,Arctic Fox,Mammalia,svalbard_arctic,77.83917,15.43532,2015-08-16
Rangifer tarandus,Svalbard Reindeer,Mammalia,svalbard_arctic,77.99084,15.00396,2015-08-19
Ovibos moschatus,Muskox,Mammalia,svalbard_arctic,78.28529,16.87022,2015-08-20
Vulpes lagopus,Arctic Fox,Mammalia,svalbard_arctic,78.63854,18.2298,2015-08-20
Bubo scandiacus,Snowy Owl,Aves,svalbard_arctic,77.60184,17.17505,2015-08-22
Rangifer tarandus,Svalbard Reindeer,Mammalia,svalbard_arctic,77.99594,16.18874,2015-08-26
Vulpes lagopus,Arctic Fox,Mammalia,svalbard_arctic,78.28749,18.05718,2015-08-28
Rangifer tarandus,Svalbard Reindeer,Mammalia,svalbard_arctic,78.23948,15.37994,2015-08-29
Ursus maritimus,Polar Bear,Mammalia,svalbard_arctic,78.05908,14.68734,2015-08-30
Rangifer tarandus,Svalbard Reindeer,Mammalia,svalbard_arctic,77.65235,17.01704,2015-09-02
Rangifer tarandus,Svalbard Reindeer,Mammalia,svalbard_arctic,77.97646,16.51213,2015-09-04
Ursus maritimus,Polar Bear,Mammalia,svalbard_arctic,78.05726,19.70289,2015-09-08
Rangifer tarandus,Svalbard Reindeer,Mammalia,svalbard_arctic,78.10711,14.31379,2015-09-11
Ovibos moschatus,Muskox,Mammalia,svalbard_arctic,78.35853,15.33695,2015-09-15
Ursus maritimus,Polar Bear,Mammalia,svalbard_arctic,78.28254,14.1743,2015-09-16
Ovibos moschatus,Muskox,Mammalia,svalbard_arctic,78.36943,17.33513,2015-09-16
Rangifer tarandus,Svalbard Reindeer,Mammalia,svalbard_arctic,78.23279,15.89504,2015-09-27
Bubo scandiacus,Snowy Owl,Aves,svalbard_arctic,78.21823,15.69798,2015-09-30
Rangifer tarandus,Svalbard Reindeer,Mammalia,svalbard_arctic,78.22536,15.60423,2015-10-01
Ovibos moschatus,Muskox,Mammalia,svalbard_arctic,78.63656,17.818,2015-10-09
Ovibos moschatus,Muskox,Mammalia,svalbard_arctic,78.45228,17.19356,2015-10-20
Vulpes lagopus,Arctic Fox,Mammalia,svalbard_arctic,78.12309,15.6848,2015-10-31
Rangifer tarandus,Svalbard Reindeer,Mammalia,svalbard_arctic,78.17273,16.87635,2015-11-03
Vulpes lagopus,Arctic Fox,Mammalia,svalbard_arctic,78.68406,18.16863,2015-11-11
Vulpes lagopus,Arctic Fox,Mammalia,svalbard_arctic,78.33635,13.20776,2015-11-18
Vulpes lagopus,Arctic Fox,Mammalia,svalbard_arctic,78.70612,18.15573,2015-11-25
Vulpes lagopus,Arctic Fox,Mammalia,svalbard_arctic,77.54563,15.16878,2015-12-10
Ursus maritimus,Polar Bear,Mammalia,svalbard_arctic,78.98306,14.64283,2015-12-19
Rangifer tarandus,Svalbard Reindeer,Mammalia,svalbard_arctic,77.71957,15.21503,2015-12-21
Ursus maritimus,Polar Bear,Mammalia,svalbard_arctic,77.73663,17.49628,2015-12-27
Rangifer tarandus,Svalbard Reindeer,Mammalia,svalbard_arctic,77.83053,17.45954,2016-01-06
Ovibos moschatus,Muskox,Mammalia,svalbard_arctic,77.86177,14.86919,2016-01-25
Vulpes lagopus,Arctic Fox,Mammalia,svalbard_arctic,77.90432,18.21538,2016-02-02
Ovibos moschatus,Muskox,Mammalia,svalbard_arctic,78.2205,15.79569,2016-02-03
Rangifer tarandus,Svalbard Reindeer,Mammalia,svalbard_arctic,78.45449,12.81518,2016-02-10
Ovibos moschatus,Muskox,Mammalia,svalbard_arctic,78.32711,18.76567,2016-02-16
Rangifer tarandus,Svalbard Reindeer,Mammalia,svalbard_arctic,77.45711,13.70344,2016-02-20
Vulpes lagopus,Arctic Fox,Mammalia,svalbard_arctic,77.61861,17.5488,2016-02-23
Rangifer tarandus,Svalbard Reindeer,Mammalia,svalbard_arctic,77.87069,12.93294,2016-02-23
Ovibos moschatus,Muskox,Mammalia,svalbard_arctic,78.79125,13.77415,2016-02-27
Rangifer tarandus,Svalbard Reindeer,Mammalia,svalbard_arctic,78.44864,18.60193,2016-03-02
Vulpes lagopus,Arctic Fox,Mammalia,svalbard_arctic,78.72049,17.71583,2016-03-09
Ovibos moschatus,Muskox,Mammalia,svalbard_arctic,77.50658,17.35483,2016-03-18
Rangifer tarandus,Svalbard Reindeer,Mammalia,svalbard_arctic,78.00835,14.11489,2016-03-18
Rangifer tarandus,Svalbard Reindeer,Mammalia,svalbard_arctic,78.96834,13.82886,2016-03-19
Ovibos moschatus,Muskox,Mammalia,svalbard_arctic,78.90796,12.95308,2016-03-25
Ovibos moschatus,Muskox,Mammalia,svalbard_arctic,78.25714,15.57854,2016-04-02
Ovibos moschatus,Muskox,Mammalia,svalbard_arctic,78.86867,12.78531,2016-04-06
Vulpes lagopus,Arctic Fox,Mammalia,svalbard_arctic,78.18939,15.66948,2016-04-08
Bubo scandiacus,Snowy Owl,Aves,svalbard_arctic,78.13006,16.41154,2016-04-16
Vulpes lagopus,Arctic Fox,Mammalia,svalbard_arctic,78.83075,17.03418,2016-04-17
Ovibos moschatus,Muskox,Mammalia,svalbard_arctic,78.07883,12.39286,2016-04-24
Ursus maritimus,Polar Bear,Mammalia,svalbard_arctic,78.2296,16.52784,2016-05-01
Rangifer tarandus,Svalbard Reindeer,Mammalia,svalbard_arctic,78.09943,17.90612,2016-05-05
Bubo scandiacus,Snowy Owl,Aves,svalbard_arctic,77.957,18.38087,2016-05-11
Vulpes lagopus,Arctic Fox,Mammalia,svalbard_arctic,78.3106,16.47054,2016-05-15
Rangifer tarandus,Svalbard Reindeer,Mammalia,svalbard_arctic,78.0891,15.94992,2016-05-31
Bubo scandiacus,Snowy Owl,Aves,svalbard_arctic,78.20388,18.64627,2016-06-01
Ovibos moschatus,Muskox,Mammalia,svalbard_arctic,78.71122,13.37758,2016-06-03
Vulpes lagopus,Arctic Fox,Mammalia,svalbard_arctic,78.41465,12.36303,2016-06-04
Vulpes lagopus,Arctic Fox,Mammalia,svalbard_arctic,78.43603,14.38798,2016-06-08
Rangifer tarandus,Svalbard Reindeer,Mammalia,svalbard_arctic,77.82626,16.59415,2016-06-09
Ovibos moschatus,Muskox,Mammalia,svalbard_arctic,78.42043,17.61691,2016-06-16
Vulpes lagopus,Arctic Fox,Mammalia,svalbard_arctic,78.35602,16.04939,2016-06-16
Rangifer tarandus,Svalbard Reindeer,Mammalia,svalbard_arctic,77.40865,17.50711,2016-06-19
Rangifer tarandus,Svalbard Reindeer,Mammalia,svalbard_arctic,77.80648,16.46677,2016-06-24
Vulpes lagopus,Arctic Fox,Mammalia,svalbard_arctic,78.06884,18.93657,2016-06-29
Ovibos moschatus,Muskox,Mammalia,svalbard_arctic,77.60108,17.65128,2016-07-03
Vulpes lagopus,Arctic Fox,Mammalia,svalbard_arctic,78.00873,15.09547,2016-07-06
Rangifer tarandus,Svalbard Reindeer,Mammalia,svalbard_arctic,77.77017,13.92198,2016-07-11
Vulpes lagopus,Arctic Fox,Mammalia,svalbard_arctic,78.18591,15.75224,2016-07-12
Bubo scandiacus,Snowy Owl,Aves,svalbard_arctic,78.04529,14.91652,2016-07-20
Rangifer tarandus,Svalbard Reindeer,Mammalia,svalbard_arctic,77.76922,16.16875,2016-07-21
Ovibos moschatus,Muskox,Mammalia,svalbard_arctic,78.20767,14.64176,2016-07-23
Rangifer tarandus,Svalbard Reindeer,Mammalia,svalbard_arctic,77.9177,15.22101,2016-07-23
Bubo scandiacus,Snowy Owl,Aves,svalbard_arctic,78.11946,16.88671,2016-07-25
Bubo scandiacus,Snowy Owl,Aves,svalbard_arctic,79.08248,14.44861,2016-07-27
Vulpes lagopus,Arctic Fox,Mammalia,svalbard_arctic,77.74117,17.0667,2016-07-29
Bubo scandiacus,Snowy Owl,Aves,svalbard_arctic,78.3569,17.49595,2016-07-31
Ovibos moschatus,Muskox,Mammalia,svalbard_arctic,78.18083,16.7822,2016-08-08
Ovibos moschatus,Muskox,Mammalia,svalbard_arctic,78.26348,17.01834,2016-08-11
Ovibos moschatus,Muskox,Mammalia,svalbard_arctic,78.30693,12.57744,2016-08-14
Rangifer tarandus,Svalbard Reindeer,Mammalia,svalbard_arctic,78.182,15.78827,2016-08-15
Rangifer tarandus,Svalbard Reindeer,Mammalia,svalbard_arctic,77.91604,12.41286,2016-08-20
Rangifer tarandus,Svalbard Reindeer,Mammalia,svalbard_arctic,78.15501,17.51407,2016-09-07
Bubo scandiacus,Snowy Owl,Aves,svalbard_arctic,78.27998,17.3962,2016-09-11
Ovibos moschatus,Muskox,Mammalia,svalbard_arctic,77.88997,11.85825,2016-09-16
Ursus maritimus,Polar Bear,Mammalia,svalbard_arctic,78.26197,16.24054,2016-09-19
Ovibos moschatus,Muskox,Mammalia,svalbard_arctic,78.21309,15.64464,2016-09-22
Vulpes lagopus,Arctic Fox,Mammalia,svalbard_arctic,77.94398,15.92837,2016-10-16
Vulpes lagopus,Arctic Fox,Mammalia,svalbard_arctic,77.6908,17.38917,2016-10-20
Ursus maritimus,Polar Bear,Mammalia,svalbard_arctic,78.14468,16.10701,2016-10-22
Ovibos moschatus,Muskox,Mammalia,svalbard_arctic,77.64008,17.7333,2016-10-22
Bubo scandiacus,Snowy Owl,Aves,svalbard_arctic,78.75635,14.59688,2016-11-15
Rangifer tarandus,Svalbard Reindeer,Mammalia,svalbard_arctic,78.49917,14.01494,2016-11-25
Ovibos moschatus,Muskox,Mammalia,svalbard_arctic,78.30076,12.10258,2016-11-25
Ovibos moschatus,Muskox,Mammalia,svalbard_arctic,78.89523,17.49631,2016-11-27
Ovibos moschatus,Muskox,Mammalia,svalbard_arctic,78.20005,12.03745,2016-12-03
Ovibos moschatus,Muskox,Mammalia,svalbard_arctic,78.85515,17.68728,2016-12-14
Ovibos moschatus,Muskox,Mammalia,svalbard_arctic,77.9197,16.63075,2016-12-17
Ovibos moschatus,Muskox,Mammalia,svalbard_arctic,77.8312,14.31123,2016-12-21
Bubo scandiacus,Snowy Owl,Aves,svalbard_arctic,78.15591,16.62602,2016-12-24
Vulpes lagopus,Arctic Fox,Mammalia,svalbard_arctic,78.72937,13.77299,2017-01-04
Rangifer tarandus,Svalbard Reindeer,Mammalia,svalbard_arctic,78.19465,15.59703,2017-01-14
Rangifer tarandus,Svalbard Reindeer,Mammalia,svalbard_arctic,78.02908,12.6615,2017-02-10
Ovibos moschatus,Muskox,Mammalia,svalbard_arctic,78.65834,18.24326,2017-02-10
Rangifer tarandus,Svalbard Reindeer,Mammalia,svalbard_arctic,78.22034,19.14912,2017-02-13
Rangifer tarandus,Svalbard Reindeer,Mammalia,svalbard_arctic,78.3298,17.82453,2017-02-15
Rangifer tarandus,Svalbard Reindeer,Mammalia,svalbard_arctic,78.10248,14.50115,2017-02-22
Rangifer tarandus,Svalbard Reindeer,Mammalia,svalbard_arctic,78.27191,16.34279,2017-02-23
Rangifer tarandus,Svalbard Reindeer,Mammalia,svalbard_arctic,78.10116,13.14641,2017-03-08
Ursus maritimus,Polar Bear,Mammalia,svalbard_arctic,77.81264,17.50836,2017-04-09
Ursus maritimus,Polar Bear,Mammalia,svalbard_arctic,78.2888,13.85923,2017-04-20
Ovibos moschatus,Muskox,Mammalia,svalbard_arctic,78.08971,13.4125,2017-04-25
Ovibos moschatus,Muskox,Mammalia,svalbard_arctic,78.54481,18.54377,2017-04-27
Ovibos moschatus,Muskox,Mammalia,svalbard_arctic,77.51755,17.47981,2017-05-05
Rangifer tarandus,Svalbard Reindeer,Mammalia,svalbard_arctic,78.21514,15.99324,2017-05-13
Ursus maritimus,Polar Bear,Mammalia,svalbard_arctic,78.52102,16.02754,2017-05-16
Vulpes lagopus,Arctic Fox,Mammalia,svalbard_arctic,78.15667,13.94273,2017-05-21
Rangifer tarandus,Svalbard Reindeer,Mammalia,svalbard_arctic,77.56858,14.81144,2017-06-02
Ovibos moschatus,Muskox,Mammalia,svalbard_arctic,77.65605,16.03607,2017-06-05
Vulpes lagopus,Arctic Fox,Mammalia,svalbard_arctic,78.0927,12.6101,2017-06-08
Ovibos moschatus,Muskox,Mammalia,svalbard_arctic,78.68666,13.70457,2017-06-11
Ursus maritimus,Polar Bear,Mammalia,svalbard_arctic,77.54228,13.37584,2017-06-14
Rangifer tarandus,Svalbard Reindeer,Mammalia,svalbard_arctic,78.63651,14.94614,2017-06-15
Ovibos moschatus,Muskox,Mammalia,svalbard_arctic,78.03771,19.71958,2017-06-18
Rangifer tarandus,Svalbard Reindeer,Mammalia,svalbard_arctic,78.20688,15.68946,2017-06-22
Rangifer tarandus,Svalbard Reindeer,Mammalia,svalbard_arctic,78.45796,15.94116,2017-06-24
Ovibos moschatus,Muskox,Mammalia,svalbard_arctic,78.41399,16.40797,2017-06-27
Rangifer tarandus,Svalbard Reindeer,Mammalia,svalbard_arctic,78.19332,11.83928,2017-06-27
Rangifer tarandus,Svalbard Reindeer,Mammalia,svalbard_arctic,77.82652,16.23921,2017-06-29
Rangifer tarandus,Svalbard Reindeer,Mammalia,svalbard_arctic,78.98017,16.71434,2017-07-01
Bubo scandiacus,Snowy Owl,Aves,svalbard_arctic,78.48244,14.03019,2017-07-02
Ursus maritimus,Polar Bear,Mammalia,svalbard_arctic,78.32027,14.36093,2017-07-05
Bubo scandiacus,Snowy Owl,Aves,svalbard_arctic,78.17361,15.45977,2017-07-05
Rangifer tarandus,Svalbard Reindeer,Mammalia,svalbard_arctic,77.79184,13.51127,2017-07-07
Ursus maritimus,Polar Bear,Mammalia,svalbard_arctic,78.34144,17.2272,2017-07-18
Ursus maritimus,Polar Bear,Mammalia,svalbard_arctic,78.18756,15.00569,2017-07-18
Ovibos moschatus,Muskox,Mammalia,svalbard_arctic,78.39743,13.89247,2017-07-23
Ovibos moschatus,Muskox,Mammalia,svalbard_arctic,77.50147,16.30237,2017-07-26
Bubo scandiacus,Snowy Owl,Aves,svalbard_arctic,77.49842,17.30651,2017-07-26
Vulpes lagopus,Arctic Fox,Mammalia,svalbard_arctic,77.85908,12.18085,2017-07-29
Ovibos moschatus,Muskox,Mammalia,svalbard_arctic,78.25554,11.43632,2017-07-31
Bubo scandiacus,Snowy Owl,Aves,svalbard_arctic,78.40078,15.49793,2017-07-31
Rangifer tarandus,Svalbard Reindeer,Mammalia,svalbard_arctic,77.66271,16.3141,2017-08-05
Rangifer tarandus,Svalbard Reindeer,Mammalia,svalbard_arctic,78.82085,12.61837,2017-08-07
Ovibos moschatus,Muskox,Mammalia,svalbard_arctic,78.24116,14.64989,2017-08-08
Vulpes lagopus,Arctic Fox,Mammalia,svalbard_arctic,78.05919,15.35573,2017-08-08
Ovibos moschatus,Muskox,Mammalia,svalbard_arctic,78.00267,15.25241,2017-08-10
Rangifer tarandus,Svalbard Reindeer,Mammalia,svalbard_arctic,77.86278,16.27443,2017-08-18
Rangifer tarandus,Svalbard Reindeer,Mammalia,svalbard_arctic,78.52005,19.14076,2017-08-19
Rangifer tarandus,Svalbard Reindeer,Mammalia,svalbard_arctic,78.51998,17.75869,2017-08-23
Ovibos moschatus,Muskox,Mammalia,svalbard_arctic,77.89199,17.45032,2017-08-28
Vulpes lagopus,Arctic Fox,Mammalia,svalbard_arctic,78.28263,15.97787,2017-09-01
Vulpes lagopus,Arctic Fox,Mammalia,svalbard_arctic,78.2385,15.62152,2017-09-04
Vulpes lagopus,Arctic Fox,Mammalia,svalbard_arctic,77.52333,15.44497,2017-09-18
Ovibos moschatus,Muskox,Mammalia,svalbard_arctic,78.38123,12.44553,2017-09-20
Bubo scandiacus,Snowy Owl,Aves,svalbard_arctic,78.21773,15.39703,2017-09-22
Ursus maritimus,Polar Bear,Mammalia,svalbard_arctic,77.94167,14.4745,2017-09-24
Ovibos moschatus,Muskox,Mammalia,svalbard_arctic,77.81695,11.99039,2017-09-26
Rangifer tarandus,Svalbard Reindeer,Mammalia,svalbard_arctic,78.19156,15.51941,2017-09-29
Ovibos moschatus,Muskox,Mammalia,svalbard_arctic,78.3947,17.98048,2017-10-01
Ursus maritimus,Polar Bear,Mammalia,svalbard_arctic,77.76789,15.33776,2017-10-04
Bubo scandiacus,Snowy Owl,Aves,svalbard_arctic,77.8665,14.98455,2017-10-06
Vulpes lagopus,Arctic Fox,Mammalia,svalbard_arctic,78.12772,17.0525,2017-10-12
Ovibos moschatus,Muskox,Mammalia,svalbard_arctic,78.62442,14.08145,2017-10-17
Bubo scandiacus,Snowy Owl,Aves,svalbard_arctic,77.82202,12.98565,2017-10-20
Vulpes lagopus,Arctic Fox,Mammalia,svalbard_arctic,78.48005,14.21358,2017-10-26
Ovibos moschatus,Muskox,Mammalia,svalbard_arctic,78.28278,14.97424,2017-10-28
Vulpes lagopus,Arctic Fox,Mammalia,svalbard_arctic,78.72669,12.17172,2017-11-05
Rangifer tarandus,Svalbard Reindeer,Mammalia,svalbard_arctic,77.78923,17.28923,2017-11-09
Ovibos moschatus,Muskox,Mammalia,svalbard_arctic,77.95231,19.27668,2017-11-11
Ovibos moschatus,Muskox,Mammalia,svalbard_arctic,78.39822,14.24188,2017-11-19
Rangifer tarandus,Svalbard Reindeer,Mammalia,svalbard_arctic,77.71537,18.07456,2017-11-21
Rangifer tarandus,Svalbard Reindeer,Mammalia,svalbard_arctic,78.12811,15.05173,2017-11-26
Ovibos moschatus,Muskox,Mammalia,svalbard_arctic,78.19139,13.33009,2017-11-30
Rangifer tarandus,Svalbard Reindeer,Mammalia,svalbard_arctic,78.09231,14.4788,2017-12-04
Ursus maritimus,Polar Bear,Mammalia,svalbard_arctic,77.50926,13.16172,2017-12-16
Ursus maritimus,Polar Bear,Mammalia,svalbard_arctic,78.27641,18.79329,2017-12-23
Vulpes lagopus,Arctic Fox,Mammalia,svalbard_arctic,78.29117,17.14349,2018-01-02
Bubo scandiacus,Snowy Owl,Aves,svalbard_arctic,77.96729,16.10976,2018-01-14
Rangifer tarandus,Svalbard Reindeer,Mammalia,svalbard_arctic,78.2255,15.88159,2018-01-22
Vulpes lagopus,Arctic Fox,Mammalia,svalbard_arctic,78.08254,17.92517,2018-02-09
Rangifer tarandus,Svalbard Reindeer,Mammalia,svalbard_arctic,78.03011,15.8594,2018-02-26
Bubo scandiacus,Snowy Owl,Aves,svalbard_arctic,78.48619,19.8428,2018-03-03
Vulpes lagopus,Arctic Fox,Mammalia,svalbard_arctic,78.38844,15.15325,2018-03-14
Vulpes lagopus,Arctic Fox,Mammalia,svalbard_arctic,78.06562,13.98424,2018-03-19
Rangifer tarandus,Svalbard Reindeer,Mammalia,svalbard_arctic,78.17266,12.97956,2018-03-28
Rangifer tarandus,Svalbard Reindeer,Mammalia,svalbard_arctic,78.2666,14.72293,2018-03-30
Ovibos moschatus,Muskox,Mammalia,svalbard_arctic,78.85553,17.37003,2018-03-31
Vulpes lagopus,Arctic Fox,Mammalia,svalbard_arctic,77.39291,15.81797,2018-04-03
Vulpes lagopus,Arctic Fox,Mammalia,svalbard_arctic,78.39989,15.788,2018-04-18
Ovibos moschatus,Muskox,Mammalia,svalbard_arctic,77.76729,15.66241,2018-04-29
Vulpes lagopus,Arctic Fox,Mammalia,svalbard_arctic,78.86609,15.78816,2018-05-02
Ovibos moschatus,Muskox,Mammalia,svalbard_arctic,77.90886,15.72687,2018-05-03
Ovibos moschatus,Muskox,Mammalia,svalbard_arctic,78.80614,13.94823,2018-05-05
Vulpes lagopus,Arctic Fox,Mammalia,svalbard_arctic,77.4473,14.25,2018-05-06
Bubo scandiacus,Snowy Owl,Aves,svalbard_arctic,78.02738,12.99512,2018-05-06
Vulpes lagopus,Arctic Fox,Mammalia,svalbard_arctic,78.33223,15.61744,2018-05-14
Vulpes lagopus,Arctic Fox,Mammalia,svalbard_arctic,78.07031,14.57174,2018-05-17
Bubo scandiacus,Snowy Owl,Aves,svalbard_arctic,78.26049,12.64686,2018-05-18
Ovibos moschatus,Muskox,Mammalia,svalbard_arctic,78.92516,16.62253,2018-05-20
Bubo scandiacus,Snowy Owl,Aves,svalbard_arctic,77.61563,18.06798,2018-06-04
Rangifer tarandus,Svalbard Reindeer,Mammalia,svalbard_arctic,78.42555,12.24311,2018-06-05
Ovibos moschatus,Muskox,Mammalia,svalbard_arctic,78.48025,16.18545,2018-06-07
Vulpes lagopus,Arctic Fox,Mammalia,svalbard_arctic,78.40862,15.28754,2018-06-09
Ursus maritimus,Polar Bear,Mammalia,svalbard_arctic,78.30489,15.50228,2018-06-09
Rangifer tarandus,Svalbard Reindeer,Mammalia,svalbard_arctic,78.17773,19.06348,2018-06-14
Bubo scandiacus,Snowy Owl,Aves,svalbard_arctic,78.12872,12.53927,2018-06-14
Vulpes lagopus,Arctic Fox,Mammalia,svalbard_arctic,78.38852,11.77714,2018-06-16
Rangifer tarandus,Svalbard Reindeer,Mammalia,svalbard_arctic,78.19497,16.03268,2018-06-21
Vulpes lagopus,Arctic Fox,Mammalia,svalbard_arctic,77.56679,13.81727,2018-06-24
Ovibos moschatus,Muskox,Mammalia,svalbard_arctic,78.79991,18.04481,2018-06-27
Ursus maritimus,Polar Bear,Mammalia,svalbard_arctic,77.99841,15.79059,2018-07-02
Vulpes lagopus,Arctic Fox,Mammalia,svalbard_arctic,78.08202,16.58747,2018-07-04
Ovibos moschatus,Muskox,Mammalia,svalbard_arctic,77.55647,14.7286,2018-07-07
Vulpes lagopus,Arctic Fox,Mammalia,svalbard_arctic,78.71251,15.51625,2018-07-10
Rangifer tarandus,Svalbard Reindeer,Mammalia,svalbard_arctic,77.88484,18.50513,2018-07-10
Rangifer tarandus,Svalbard Reindeer,Mammalia,svalbard_arctic,78.52804,13.67452,2018-07-11
Ovibos moschatus,Muskox,Mammalia,svalbard_arctic,77.944,12.15059,2018-07-13
Rangifer tarandus,Svalbard Reindeer,Mammalia,svalbard_arctic,78.4378,15.44685,2018-07-16
Ovibos moschatus,Muskox,Mammalia,svalbard_arctic,78.31833,14.73392,2018-07-19
Rangifer tarandus,Svalbard Reindeer,Mammalia,svalbard_arctic,78.91252,14.99839,2018-07-22
Vulpes lagopus,Arctic Fox,Mammalia,svalbard_arctic,77.82216,13.32099,2018-07-22
Vulpes lagopus,Arctic Fox,Mammalia,svalbard_arctic,77.45052,13.78708,2018-07-26
Ovibos moschatus,Muskox,Mammalia,svalbard_arctic,78.30092,14.27432,2018-07-28
Rangifer tarandus,Svalbard Reindeer,Mammalia,svalbard_arctic,78.25291,15.30555,2018-07-31
Ovibos moschatus,Muskox,Mammalia,svalbard_arctic,77.89609,18.05177,2018-07-31
Ovibos moschatus,Muskox,Mammalia,svalbard_arctic,78.22058,15.74886,2018-08-01
Rangifer tarandus,Svalbard Reindeer,Mammalia,svalbard_arctic,78.44791,16.36251,2018-08-02
Rangifer tarandus,Svalbard Reindeer,Mammalia,svalbard_arctic,78.03799,12.25217,2018-08-03
Bubo scandiacus,Snowy Owl,Aves,svalbard_arctic,78.30031,16.02136,2018-08-06
Bubo scandiacus,Snowy Owl,Aves,svalbard_arctic,77.54163,17.97668,2018-08-07
Ursus maritimus,Polar Bear,Mammalia,svalbard_arctic,78.41086,16.55238,2018-08-09
Ovibos moschatus,Muskox,Mammalia,svalbard_arctic,78.74842,17.80361,2018-08-10
Ovibos moschatus,Muskox,Mammalia,svalbard_arctic,77.45785,15.01876,2018-08-13
Ursus maritimus,Polar Bear,Mammalia,svalbard_arctic,78.02705,14.78691,2018-08-14
Ursus maritimus,Polar Bear,Mammalia,svalbard_arctic,77.89111,16.5995,2018-08-16
Vulpes lagopus,Arctic Fox,Mammalia,svalbard_arctic,78.33512,14.75927,2018-08-16
Ursus maritimus,Polar Bear,Mammalia,svalbard_arctic,77.92691,17.95721,2018-08-20
Vulpes lagopus,Arctic Fox,Mammalia,svalbard_arctic,77.44972,14.51905,2018-08-22
Ursus maritimus,Polar Bear,Mammalia,svalbard_arctic,77.42375,15.91347,2018-08-23
Rangifer tarandus,Svalbard Reindeer,Mammalia,svalbard_arctic,78.12097,16.95444,2018-08-24
Vulpes lagopus,Arctic Fox,Mammalia,svalbard_arctic,78.24994,15.64342,2018-08-28
Bubo scandiacus,Snowy Owl,Aves,svalbard_arctic,78.60413,15.2043,2018-09-16
Ovibos moschatus,Muskox,Mammalia,svalbard_arctic,77.927,18.23074,2018-09-20
Vulpes lagopus,Arctic Fox,Mammalia,svalbard_arctic,78.33319,17.51906,2018-09-27
Vulpes lagopus,Arctic Fox,Mammalia,svalbard_arctic,78.14948,16.26028,2018-10-09
Vulpes lagopus,Arctic Fox,Mammalia,svalbard_arctic,78.25471,16.65197,2018-10-14
Ovibos moschatus,Muskox,Mammalia,svalbard_arctic,78.63256,14.65218,2018-10-30
Rangifer tarandus,Svalbard Reindeer,Mammalia,svalbard_arctic,78.41057,19.00059,2018-11-07
Rangifer tarandus,Svalbard Reindeer,Mammalia,svalbard_arctic,77.50952,16.4728,2018-11-09
Bubo scandiacus,Snowy Owl,Aves,svalbard_arctic,78.26175,15.35633,2018-11-10
Ovibos moschatus,Muskox,Mammalia,svalbard_arctic,78.05213,18.88324,2018-11-10
Ursus maritimus,Polar Bear,Mammalia,svalbard_arctic,77.8552,11.77897,2018-11-11
Bubo scandiacus,Snowy Owl,Aves,svalbard_arctic,78.47443,13.9897,2018-11-19
Vulpes lagopus,Arctic Fox,Mammalia,svalbard_arctic,78.13805,15.89047,2018-11-20
Ovibos moschatus,Muskox,Mammalia,svalbard_arctic,78.11433,13.34791,2018-11-20
Ursus maritimus,Polar Bear,Mammalia,svalbard_arctic,77.89646,13.78638,2018-11-21
Vulpes lagopus,Arctic Fox,Mammalia,svalbard_arctic,77.74932,16.44691,2018-11-26
Ovibos moschatus,Muskox,Mammalia,svalbard_arctic,78.26648,15.30245,2018-11-29
Vulpes lagopus,Arctic Fox,Mammalia,svalbard_arctic,78.24906,15.57179,2018-12-06
Vulpes lagopus,Arctic Fox,Mammalia,svalbard_arctic,78.4003,16.06725,2018-12-09
Ovibos moschatus,Muskox,Mammalia,svalbard_arctic,78.51408,19.63505,2019-01-02
Ovibos moschatus,Muskox,Mammalia,svalbard_arctic,78.34978,12.47018,2019-01-04
Ovibos moschatus,Muskox,Mammalia,svalbard_arctic,78.34176,19.22068,2019-01-07
Ovibos moschatus,Muskox,Mammalia,svalbard_arctic,78.48891,16.50429,2019-01-10
Ovibos moschatus,Muskox,Mammalia,svalbard_arctic,78.15849,16.67051,2019-01-10
Ovibos moschatus,Muskox,Mammalia,svalbard_arctic,77.57327,12.88798,2019-01-15
Ursus maritimus,Polar Bear,Mammalia,svalbard_arctic,78.49062,13.70698,2019-01-18
Ovibos moschatus,Muskox,Mammalia,svalbard_arctic,78.46889,15.26152,2019-01-28
Vulpes lagopus,Arctic Fox,Mammalia,svalbard_arctic,77.9053,16.10808,2019-01-29
Ovibos moschatus,Muskox,Mammalia,svalbard_arctic,78.44703,17.65028,2019-02-10
Rangifer tarandus,Svalbard Reindeer,Mammalia,svalbard_arctic,78.25805,17.00599,2019-02-17
Vulpes lagopus,Arctic Fox,Mammalia,svalbard_arctic,78.55872,16.98559,2019-02-28
Bubo scandiacus,Snowy Owl,Aves,svalbard_arctic,77.84037,15.61559,2019-03-05
Bubo scandiacus,Snowy Owl,Aves,svalbard_arctic,78.50576,18.01622,2019-03-08
Ovibos moschatus,Muskox,Mammalia,svalbard_arctic,77.79567,13.09144,2019-03-18
Bubo scandiacus,Snowy Owl,Aves,svalbard_arctic,78.22302,12.80962,2019-03-21
Bubo scandiacus,Snowy Owl,Aves,svalbard_arctic,78.42909,15.0288,2019-04-01
Vulpes lagopus,Arctic Fox,Mammalia,svalbard_arctic,77.9321,16.14725,2019-04-07
Ovibos moschatus,Muskox,Mammalia,svalbard_arctic,77.53355,15.17854,2019-04-13
Rangifer tarandus,Svalbard Reindeer,Mammalia,svalbard_arctic,77.48344,17.79619,2019-04-15
Bubo scandiacus,Snowy Owl,Aves,svalbard_arctic,77.80087,15.71168,2019-04-21
Ovibos moschatus,Muskox,Mammalia,svalbard_arctic,78.95829,17.53598,2019-04-23
Ovibos moschatus,Muskox,Mammalia,svalbard_arctic,78.03083,14.02439,2019-04-28
Rangifer tarandus,Svalbard Reindeer,Mammalia,svalbard_arctic,77.73289,18.37109,2019-04-29
Ovibos moschatus,Muskox,Mammalia,svalbard_arctic,77.83141,12.54652,2019-05-09
Rangifer tarandus,Svalbard Reindeer,Mammalia,svalbard_arctic,77.93634,14.4262,2019-05-17
Ovibos moschatus,Muskox,Mammalia,svalbard_arctic,77.82297,15.32099,2019-05-25
Ovibos moschatus,Muskox,Mammalia,svalbard_arctic,78.47704,16.66946,2019-05-26
Vulpes lagopus,Arctic Fox,Mammalia,svalbard_arctic,78.85252,18.57975,2019-05-30
Vulpes lagopus,Arctic Fox,Mammalia,svalbard_arctic,78.18417,15.35633,2019-06-04
Ovibos moschatus,Muskox,Mammalia,svalbard_arctic,78.23281,18.23359,2019-06-07
Ovibos moschatus,Muskox,Mammalia,svalbard_arctic,78.23216,14.7141,2019-06-15
Rangifer tarandus,Svalbard Reindeer,Mammalia,svalbard_arctic,78.19061,15.43119,2019-06-18
Rangifer tarandus,Svalbard Reindeer,Mammalia,svalbard_arctic,78.77451,16.81717,2019-06-20
Vulpes lagopus,Arctic Fox,Mammalia,svalbard_arctic,77.50122,13.11831,2019-06-27
Bubo scandiacus,Snowy Owl,Aves,svalbard_arctic,77.98783,12.48103,2019-06-28
Bubo scandiacus,Snowy Owl,Aves,svalbard_arctic,78.17036,17.69281,2019-06-30
Bubo scandiacus,Snowy Owl,Aves,svalbard_arctic,77.7661,12.42707,2019-07-01
Bubo scandiacus,Snowy Owl,Aves,svalbard_arctic,78.37149,19.9296,2019-07-03
Ovibos moschatus,Muskox,Mammalia,svalbard_arctic,78.06272,15.00981,2019-07-07
Ovibos moschatus,Muskox,Mammalia,svalbard_arctic,77.37872,15.77438,2019-07-09
Vulpes lagopus,Arctic Fox,Mammalia,svalbard_arctic,77.95576,14.93169,2019-07-16
Rangifer tarandus,Svalbard Reindeer,Mammalia,svalbard_arctic,77.74675,14.34727,2019-07-23
Bubo scandiacus,Snowy Owl,Aves,svalbard_arctic,78.19168,16.18891,2019-07-28
Ovibos moschatus,Muskox,Mammalia,svalbard_arctic,78.40397,16.77739,2019-07-31
Vulpes lagopus,Arctic Fox,Mammalia,svalbard_arctic,78.07297,16.72515,2019-08-01
Ovibos moschatus,Muskox,Mammalia,svalbard_arctic,77.56825,17.31786,2019-08-04
Ovibos moschatus,Muskox,Mammalia,svalbard_arctic,78.1092,14.50114,2019-08-06
Ovibos moschatus,Muskox,Mammalia,svalbard_arctic,78.01962,12.0986,2019-08-10
Vulpes lagopus,Arctic Fox,Mammalia,svalbard_arctic,78.86608,12.83248,2019-08-22
Rangifer tarandus,Svalbard Reindeer,Mammalia,svalbard_arctic,77.76198,15.21983,2019-09-01
Vulpes lagopus,Arctic Fox,Mammalia,svalbard_arctic,78.73746,16.16781,2019-09-04
Rangifer tarandus,Svalbard Reindeer,Mammalia,svalbard_arctic,78.23813,15.7106,2019-09-11
Bubo scandiacus,Snowy Owl,Aves,svalbard_arctic,78.53306,15.82417,2019-09-13
Vulpes lagopus,Arctic Fox,Mammalia,svalbard_arctic,78.10528,13.14663,2019-09-16
Vulpes lagopus,Arctic Fox,Mammalia,svalbard_arctic,78.08693,15.03613,2019-09-17
Vulpes lagopus,Arctic Fox,Mammalia,svalbard_arctic,78.24804,14.96975,2019-10-02
Ovibos moschatus,Muskox,Mammalia,svalbard_arctic,78.43964,16.2363,2019-10-13
Vulpes lagopus,Arctic Fox,Mammalia,svalbard_arctic,78.44675,16.66325,2019-10-17
Vulpes lagopus,Arctic Fox,Mammalia,svalbard_arctic,78.44309,15.25465,2019-10-18
Rangifer tarandus,Svalbard Reindeer,Mammalia,svalbard_arctic,78.29906,15.51837,2019-10-28
Ovibos moschatus,Muskox,Mammalia,svalbard_arctic,78.54109,17.75088,2019-11-18
Rangifer tarandus,Svalbard Reindeer,Mammalia,svalbard_arctic,77.90912,18.80849,2019-11-19
Vulpes lagopus,Arctic Fox,Mammalia,svalbard_arctic,78.21117,17.40353,2019-11-24
Vulpes lagopus,Arctic Fox,Mammalia,svalbard_arctic,77.92757,16.72889,2019-11-28
Rangifer tarandus,Svalbard Reindeer,Mammalia,svalbard_arctic,78.35697,13.0954,2019-11-30
Vulpes lagopus,Arctic Fox,Mammalia,svalbard_arctic,78.37124,14.06732,2019-11-30
Rangifer tarandus,Svalbard Reindeer,Mammalia,svalbard_arctic,77.74701,14.47127,2019-12-05
Ovibos moschatus,Muskox,Mammalia,svalbard_arctic,78.35143,12.15609,2019-12-11
Bubo scandiacus,Snowy Owl,Aves,svalbard_arctic,78.73498,14.69363,2019-12-21
Ovibos moschatus,Muskox,Mammalia,svalbard_arctic,78.68043,16.88601,2019-12-21
Ovibos moschatus,Muskox,Mammalia,svalbard_arctic,78.48594,14.24909,2019-12-22
Ovibos moschatus,Muskox,Mammalia,svalbard_arctic,77.98337,14.44548,2019-12-23
Rangifer tarandus,Svalbard Reindeer,Mammalia,svalbard_arctic,78.2613,16.24397,2020-01-07
Vulpes lagopus,Arctic Fox,Mammalia,svalbard_arctic,78.80428,13.89692,2020-01-12
Rangifer tarandus,Svalbard Reindeer,Mammalia,svalbard_arctic,78.21222,16.20988,2020-01-24
Rangifer tarandus,Svalbard Reindeer,Mammalia,svalbard_arctic,77.65954,18.09911,2020-01-25
Rangifer tarandus,Svalbard Reindeer,Mammalia,svalbard_arctic,78.19732,15.5612,2020-02-06
Ovibos moschatus,Muskox,Mammalia,svalbard_arctic,78.34891,15.7391,2020-02-14
Ovibos moschatus,Muskox,Mammalia,svalbard_arctic,77.8671,18.1994,2020-02-17
Rangifer tarandus,Svalbard Reindeer,Mammalia,svalbard_arctic,77.98049,15.30016,2020-02-24
Ovibos moschatus,Muskox,Mammalia,svalbard_arctic,78.24589,15.82362,2020-02-26
Bubo scandiacus,Snowy Owl,Aves,svalbard_arctic,77.7772,16.8215,2020-03-04
Rangifer tarandus,Svalbard Reindeer,Mammalia,svalbard_arctic,78.84883,16.39614,2020-03-21
Ovibos moschatus,Muskox,Mammalia,svalbard_arctic,78.10674,19.30662,2020-04-11
Ovibos moschatus,Muskox,Mammalia,svalbard_arctic,78.1902,15.52351,2020-04-21
Bubo scandiacus,Snowy Owl,Aves,svalbard_arctic,78.36423,15.5342,2020-04-29
Rangifer tarandus,Svalbard Reindeer,Mammalia,svalbard_arctic,78.2458,15.55407,2020-04-29
Bubo scandiacus,Snowy Owl,Aves,svalbard_arctic,78.19372,13.4238,2020-04-30
Vulpes lagopus,Arctic Fox,Mammalia,svalbard_arctic,77.88153,19.66759,2020-05-09
Rangifer tarandus,Svalbard Reindeer,Mammalia,svalbard_arctic,78.68129,16.28988,2020-05-15
Rangifer tarandus,Svalbard Reindeer,Mammalia,svalbard_arctic,78.29098,19.44484,2020-05-17
Bubo scandiacus,Snowy Owl,Aves,svalbard_arctic,78.32491,18.82506,2020-05-20
Vulpes lagopus,Arctic Fox,Mammalia,svalbard_arctic,78.64303,13.38283,2020-05-20
Bubo scandiacus,Snowy Owl,Aves,svalbard_arctic,77.72323,14.13575,2020-05-28
Vulpes lagopus,Arctic Fox,Mammalia,svalbard_arctic,78.17535,15.63791,2020-05-29
Vulpes lagopus,Arctic Fox,Mammalia,svalbard_arctic,78.4775,15.69754,2020-05-29
Ovibos moschatus,Muskox,Mammalia,svalbard_arctic,78.53438,14.9381,2020-05-31
Vulpes lagopus,Arctic Fox,Mammalia,svalbard_arctic,77.8608,16.73591,2020-06-01
Rangifer tarandus,Svalbard Reindeer,Mammalia,svalbard_arctic,78.2119,14.50188,2020-06-05
Rangifer tarandus,Svalbard Reindeer,Mammalia,svalbard_arctic,78.92035,14.89725,2020-06-05
Bubo scandiacus,Snowy Owl,Aves,svalbard_arctic,78.17845,15.31863,2020-06-06
Bubo scandiacus,Snowy Owl,Aves,svalbard_arctic,77.48541,17.09242,2020-06-08
Ovibos moschatus,Muskox,Mammalia,svalbard_arctic,78.09604,16.92806,2020-06-13
Bubo scandiacus,Snowy Owl,Aves,svalbard_arctic,79.01532,13.73646,2020-06-16
Bubo scandiacus,Snowy Owl,Aves,svalbard_arctic,78.34721,14.02542,2020-06-16
Ursus maritimus,Polar Bear,Mammalia,svalbard_arctic,79.0374,15.95017,2020-06-19
Ovibos moschatus,Muskox,Mammalia,svalbard_arctic,78.49622,15.78167,2020-06-25
Rangifer tarandus,Svalbard Reindeer,Mammalia,svalbard_arctic,78.19139,15.66711,2020-06-27
Vulpes lagopus,Arctic Fox,Mammalia,svalbard_arctic,78.09389,16.76183,2020-06-30
Vulpes lagopus,Arctic Fox,Mammalia,svalbard_arctic,77.66415,15.22895,2020-07-01
Rangifer tarandus,Svalbard Reindeer,Mammalia,svalbard_arctic,77.89701,16.46615,2020-07-01
Rangifer tarandus,Svalbard Reindeer,Mammalia,svalbard_arctic,77.50019,13.00958,2020-07-02
Ovibos moschatus,Muskox,Mammalia,svalbard_arctic,78.74322,16.45549,2020-07-04
Rangifer tarandus,Svalbard Reindeer,Mammalia,svalbard_arctic,78.55728,12.45532,2020-07-05
Vulpes lagopus,Arctic Fox,Mammalia,svalbard_arctic,77.9031,13.15454,2020-07-11
Bubo scandiacus,Snowy Owl,Aves,svalbard_arctic,77.7139,16.66141,2020-07-13
Rangifer tarandus,Svalbard Reindeer,Mammalia,svalbard_arctic,79.00599,13.63578,2020-07-14
Rangifer tarandus,Svalbard Reindeer,Mammalia,svalbard_arctic,78.18166,16.41426,2020-07-14
Ursus maritimus,Polar Bear,Mammalia,svalbard_arctic,78.67121,15.07626,2020-07-19
Vulpes lagopus,Arctic Fox,Mammalia,svalbard_arctic,78.34614,13.34715,2020-07-24
Ursus maritimus,Polar Bear,Mammalia,svalbard_arctic,78.71696,16.05283,2020-08-04
Rangifer tarandus,Svalbard Reindeer,Mammalia,svalbard_arctic,78.35943,15.54242,2020-08-15
Ovibos moschatus,Muskox,Mammalia,svalbard_arctic,78.21983,15.68638,2020-08-15
Bubo scandiacus,Snowy Owl,Aves,svalbard_arctic,78.59719,16.08102,2020-08-16
Bubo scandiacus,Snowy Owl,Aves,svalbard_arctic,78.84085,17.71058,2020-08-16
Rangifer tarandus,Svalbard Reindeer,Mammalia,svalbard_arctic,78.46759,15.34113,2020-08-20
Ovibos moschatus,Muskox,Mammalia,svalbard_arctic,78.4804,15.33536,2020-08-27
Vulpes lagopus,Arctic Fox,Mammalia,svalbard_arctic,78.57428,17.43125,2020-08-30
Ursus maritimus,Polar Bear,Mammalia,svalbard_arctic,77.47176,14.32853,2020-09-01
Bubo scandiacus,Snowy Owl,Aves,svalbard_arctic,78.00977,18.57636,2020-09-05
Vulpes lagopus,Arctic Fox,Mammalia,svalbard_arctic,77.73977,18.05378,2020-09-05
Rangifer tarandus,Svalbard Reindeer,Mammalia,svalbard_arctic,78.21846,15.11503,2020-09-17
Rangifer tarandus,Svalbard Reindeer,Mammalia,svalbard_arctic,78.0559,13.9816,2020-10-04
Ovibos moschatus,Muskox,Mammalia,svalbard_arctic,78.26684,15.57565,2020-10-08
Bubo scandiacus,Snowy Owl,Aves,svalbard_arctic,78.99267,14.42781,2020-10-08
Ovibos moschatus,Muskox,Mammalia,svalbard_arctic,77.58078,14.90673,2020-10-09
Vulpes lagopus,Arctic Fox,Mammalia,svalbard_arctic,77.65299,17.60327,2020-10-17
Ovibos moschatus,Muskox,Mammalia,svalbard_arctic,78.16068,14.76306,2020-10-20
Ovibos moschatus,Muskox,Mammalia,svalbard_arctic,77.84032,17.20599,2020-10-21
Rangifer tarandus,Svalbard Reindeer,Mammalia,svalbard_arctic,78.1596,14.83166,2020-10-25
Ovibos moschatus,Muskox,Mammalia,svalbard_arctic,78.6348,13.03935,2020-10-26
Ovibos moschatus,Muskox,Mammalia,svalbard_arctic,78.20875,18.7299,2020-10-28
Vulpes lagopus,Arctic Fox,Mammalia,svalbard_arctic,78.49897,13.11958,2020-11-01
Rangifer tarandus,Svalbard Reindeer,Mammalia,svalbard_arctic,78.54042,16.50259,2020-11-09
Ursus maritimus,Polar Bear,Mammalia,svalbard_arctic,78.44916,14.49919,2020-11-17
Vulpes lagopus,Arctic Fox,Mammalia,svalbard_arctic,78.06901,16.3056,2020-11-28
Ursus maritimus,Polar Bear,Mammalia,svalbard_arctic,78.04057,17.69617,2020-11-29
Ursus maritimus,Polar Bear,Mammalia,svalbard_arctic,77.55988,14.17467,2020-12-04
Vulpes lagopus,Arctic Fox,Mammalia,svalbard_arctic,78.05557,14.75433,2020-12-25
Ovibos moschatus,Muskox,Mammalia,svalbard_arctic,78.00477,14.86895,2020-12-30
Ovibos moschatus,Muskox,Mammalia,svalbard_arctic,78.42885,18.37044,2021-01-07
Vulpes lagopus,Arctic Fox,Mammalia,svalbard_arctic,78.41538,16.22769,2021-01-09
Ovibos moschatus,Muskox,Mammalia,svalbard_arctic,78.55204,12.72579,2021-01-11
Rangifer tarandus,Svalbard Reindeer,Mammalia,svalbard_arctic,79.01655,16.91111,2021-01-11
Rangifer tarandus,Svalbard Reindeer,Mammalia,svalbard_arctic,78.40926,14.18104,2021-01-29
Bubo scandiacus,Snowy Owl,Aves,svalbard_arctic,77.57067,15.79969,2021-02-06
Ovibos moschatus,Muskox,Mammalia,svalbard_arctic,78.60836,13.37155,2021-02-14
Ovibos moschatus,Muskox,Mammalia,svalbard_arctic,78.26894,15.38215,2021-02-26
Ovibos moschatus,Muskox,Mammalia,svalbard_arctic,78.22411,15.20141,2021-03-07
Ovibos moschatus,Muskox,Mammalia,svalbard_arctic,78.57737,15.1153,2021-03-19
Ovibos moschatus,Muskox,Mammalia,svalbard_arctic,78.57198,17.84627,2021-03-20
Vulpes lagopus,Arctic Fox,Mammalia,svalbard_arctic,78.25805,15.42548,2021-03-22
Vulpes lagopus,Arctic Fox,Mammalia,svalbard_arctic,78.53033,16.48612,2021-03-23
Rangifer tarandus,Svalbard Reindeer,Mammalia,svalbard_arctic,77.91509,16.12442,2021-03-30
Vulpes lagopus,Arctic Fox,Mammalia,svalbard_arctic,77.85442,17.44109,2021-04-03
Ovibos moschatus,Muskox,Mammalia,svalbard_arctic,78.21501,15.30573,2021-04-03
Bubo scandiacus,Snowy Owl,Aves,svalbard_arctic,77.39505,15.00396,2021-04-06
Rangifer tarandus,Svalbard Reindeer,Mammalia,svalbard_arctic,78.07203,17.14724,2021-04-09
Ursus maritimus,Polar Bear,Mammalia,svalbard_arctic,78.29312,16.76406,2021-04-12
Ovibos moschatus,Muskox,Mammalia,svalbard_arctic,78.23201,15.81864,2021-05-03
Bubo scandiacus,Snowy Owl,Aves,svalbard_arctic,77.97431,19.39617,2021-05-06
Bubo scandiacus,Snowy Owl,Aves,svalbard_arctic,78.15415,12.70469,2021-05-08
Rangifer tarandus,Svalbard Reindeer,Mammalia,svalbard_arctic,78.54368,15.474,2021-05-26
Ursus maritimus,Polar Bear,Mammalia,svalbard_arctic,78.15584,15.27891,2021-05-26
Rangifer tarandus,Svalbard Reindeer,Mammalia,svalbard_arctic,77.96975,19.78903,2021-05-30
Rangifer tarandus,Svalbard Reindeer,Mammalia,svalbard_arctic,78.13478,13.64846,2021-06-12
Rangifer tarandus,Svalbard Reindeer,Mammalia,svalbard_arctic,78.63056,13.57424,2021-06-14
Bubo scandiacus,Snowy Owl,Aves,svalbard_arctic,78.48646,14.42111,2021-06-16
Bubo scandiacus,Snowy Owl,Aves,svalbard_arctic,78.1831,15.66133,2021-06-18
Ovibos moschatus,Muskox,Mammalia,svalbard_arctic,77.68942,15.48472,2021-06-21
Vulpes lagopus,Arctic Fox,Mammalia,svalbard_arctic,78.70481,19.12752,2021-06-21
Rangifer tarandus,Svalbard Reindeer,Mammalia,svalbard_arctic,78.24062,15.37682,2021-07-03
Rangifer tarandus,Svalbard Reindeer,Mammalia,svalbard_arctic,78.20414,15.69776,2021-07-03
Vulpes lagopus,Arctic Fox,Mammalia,svalbard_arctic,78.71981,13.67505,2021-07-04
Bubo scandiacus,Snowy Owl,Aves,svalbard_arctic,78.39252,13.76099,2021-07-06
Bubo scandiacus,Snowy Owl,Aves,svalbard_arctic,78.04946,14.50504,2021-07-12
Vulpes lagopus,Arctic Fox,Mammalia,svalbard_arctic,78.17498,13.61646,2021-07-17
Ursus maritimus,Polar Bear,Mammalia,svalbard_arctic,78.25318,18.28817,2021-07-20
Bubo scandiacus,Snowy Owl,Aves,svalbard_arctic,77.89533,19.42144,2021-07-21
Vulpes lagopus,Arctic Fox,Mammalia,svalbard_arctic,77.46397,17.45014,2021-07-27
Ovibos moschatus,Muskox,Mammalia,svalbard_arctic,78.21795,15.70253,2021-08-05
Ovibos moschatus,Muskox,Mammalia,svalbard_arctic,77.77667,15.70293,2021-08-07
Vulpes lagopus,Arctic Fox,Mammalia,svalbard_arctic,78.18685,16.66479,2021-08-11
Rangifer tarandus,Svalbard Reindeer,Mammalia,svalbard_arctic,77.82896,17.18169,2021-08-13
Rangifer tarandus,Svalbard Reindeer,Mammalia,svalbard_arctic,77.62729,17.22852,2021-08-20
Vulpes lagopus,Arctic Fox,Mammalia,svalbard_arctic,77.65423,18.66157,2021-08-20
Bubo scandiacus,Snowy Owl,Aves,svalbard_arctic,77.81976,11.73087,2021-08-25
Ovibos moschatus,Muskox,Mammalia,svalbard_arctic,78.00769,18.42392,2021-08-27
Rangifer tarandus,Svalbard Reindeer,Mammalia,svalbard_arctic,77.99948,14.75162,2021-08-31
Ovibos moschatus,Muskox,Mammalia,svalbard_arctic,77.80449,15.43442,2021-09-11
Bubo scandiacus,Snowy Owl,Aves,svalbard_arctic,78.21961,15.82639,2021-09-11
Rangifer tarandus,Svalbard Reindeer,Mammalia,svalbard_arctic,78.60706,16.11396,2021-09-19
Vulpes lagopus,Arctic Fox,Mammalia,svalbard_arctic,78.40562,15.33471,2021-09-26
Ovibos moschatus,Muskox,Mammalia,svalbard_arctic,78.17619,16.08335,2021-10-02
Rangifer tarandus,Svalbard Reindeer,Mammalia,svalbard_arctic,78.33824,14.94969,2021-10-06
Rangifer tarandus,Svalbard Reindeer,Mammalia,svalbard_arctic,77.61982,14.74266,2021-10-15
Vulpes lagopus,Arctic Fox,Mammalia,svalbard_arctic,78.03167,15.27609,2021-10-22
Rangifer tarandus,Svalbard Reindeer,Mammalia,svalbard_arctic,77.8315,15.55908,2021-10-25
Vulpes lagopus,Arctic Fox,Mammalia,svalbard_arctic,78.65459,15.0408,2021-11-01
Bubo scandiacus,Snowy Owl,Aves,svalbard_arctic,78.08035,12.13346,2021-11-02
Rangifer tarandus,Svalbard Reindeer,Mammalia,svalbard_arctic,78.16608,11.56452,2021-11-13
Bubo scandiacus,Snowy Owl,Aves,svalbard_arctic,78.16305,19.75797,2021-11-20
Ursus maritimus,Polar Bear,Mammalia,svalbard_arctic,78.58224,14.80608,2021-11-24
Ovibos moschatus,Muskox,Mammalia,svalbard_arctic,78.61977,15.11818,2021-11-26
Ovibos moschatus,Muskox,Mammalia,svalbard_arctic,77.80772,15.90176,2021-12-19
Ovibos moschatus,Muskox,Mammalia,svalbard_arctic,78.18766,14.34956,2022-01-07
Rangifer tarandus,Svalbard Reindeer,Mammalia,svalbard_arctic,77.66617,17.64686,2022-01-13
Rangifer tarandus,Svalbard Reindeer,Mammalia,svalbard_arctic,78.81959,17.0461,2022-02-09
Vulpes lagopus,Arctic Fox,Mammalia,svalbard_arctic,78.9409,14.4429,2022-02-14
Vulpes lagopus,Arctic Fox,Mammalia,svalbard_arctic,78.45995,14.83789,2022-02-17
Ovibos moschatus,Muskox,Mammalia,svalbard_arctic,78.82998,16.58592,2022-02-19
Ovibos moschatus,Muskox,Mammalia,svalbard_arctic,78.20816,15.79438,2022-02-24
Ovibos moschatus,Muskox,Mammalia,svalbard_arctic,78.17301,17.03304,2022-03-08
Rangifer tarandus,Svalbard Reindeer,Mammalia,svalbard_arctic,78.20242,19.72583,2022-03-17
Rangifer tarandus,Svalbard Reindeer,Mammalia,svalbard_arctic,78.26612,15.70597,2022-03-20
Rangifer tarandus,Svalbard Reindeer,Mammalia,svalbard_arctic,78.2417,15.57676,2022-04-01
Ovibos moschatus,Muskox,Mammalia,svalbard_arctic,77.41715,16.30681,2022-04-24
Bubo scandiacus,Snowy Owl,Aves,svalbard_arctic,78.612,11.80302,2022-04-24
Ovibos moschatus,Muskox,Mammalia,svalbard_arctic,77.91794,13.85635,2022-05-04
Bubo scandiacus,Snowy Owl,Aves,svalbard_arctic,78.58256,12.771,2022-05-06
Vulpes lagopus,Arctic Fox,Mammalia,svalbard_arctic,78.4795,16.58361,2022-05-09
Rangifer tarandus,Svalbard Reindeer,Mammalia,svalbard_arctic,77.9274,14.56997,2022-05-15
Ovibos moschatus,Muskox,Mammalia,svalbard_arctic,78.47402,15.18572,2022-05-16
Vulpes lagopus,Arctic Fox,Mammalia,svalbard_arctic,78.29254,18.04099,2022-05-16
Rangifer tarandus,Svalbard Reindeer,Mammalia,svalbard_arctic,78.10197,11.6495,2022-05-25
Ovibos moschatus,Muskox,Mammalia,svalbard_arctic,77.92963,15.3202,2022-05-29
Rangifer tarandus,Svalbard Reindeer,Mammalia,svalbard_arctic,78.08684,16.42479,2022-06-01
Ovibos moschatus,Muskox,Mammalia,svalbard_arctic,77.66152,16.90368,2022-06-01
Rangifer tarandus,Svalbard Reindeer,Mammalia,svalbard_arctic,77.95742,16.44034,2022-06-07
Vulpes lagopus,Arctic Fox,Mammalia,svalbard_arctic,78.76699,17.58539,2022-06-08
Rangifer tarandus,Svalbard Reindeer,Mammalia,svalbard_arctic,78.25588,18.71213,2022-06-09
Bubo scandiacus,Snowy Owl,Aves,svalbard_arctic,77.92974,12.34572,2022-06-12
Rangifer tarandus,Svalbard Reindeer,Mammalia,svalbard_arctic,77.4897,15.67768,2022-06-17
Vulpes lagopus,Arctic Fox,Mammalia,svalbard_arctic,77.58181,17.62872,2022-06-20
Rangifer tarandus,Svalbard Reindeer,Mammalia,svalbard_arctic,78.20625,16.04517,2022-06-22
Ursus maritimus,Polar Bear,Mammalia,svalbard_arctic,77.79946,17.24829,2022-06-23
Vulpes lagopus,Arctic Fox,Mammalia,svalbard_arctic,78.00509,12.86003,2022-06-24
Bubo scandiacus,Snowy Owl,Aves,svalbard_arctic,78.1944,16.29128,2022-06-25
Ursus maritimus,Polar Bear,Mammalia,svalbard_arctic,78.70883,15.85567,2022-06-26
Bubo scandiacus,Snowy Owl,Aves,svalbard_arctic,78.43959,17.78629,2022-06-26
Rangifer tarandus,Svalbard Reindeer,Mammalia,svalbard_arctic,77.84621,15.93584,2022-06-30
Ovibos moschatus,Muskox,Mammalia,svalbard_arctic,77.65386,18.9517,2022-07-01
Rangifer tarandus,Svalbard Reindeer,Mammalia,svalbard_arctic,78.69858,16.50232,2022-07-02
Bubo scandiacus,Snowy Owl,Aves,svalbard_arctic,78.13176,14.06002,2022-07-02
Ovibos moschatus,Muskox,Mammalia,svalbard_arctic,78.81701,14.88357,2022-07-10
Ursus maritimus,Polar Bear,Mammalia,svalbard_arctic,78.31537,14.57159,2022-07-17
Ursus maritimus,Polar Bear,Mammalia,svalbard_arctic,78.54808,18.85103,2022-07-18
Ursus maritimus,Polar Bear,Mammalia,svalbard_arctic,78.10787,16.32823,2022-07-20
Ovibos moschatus,Muskox,Mammalia,svalbard_arctic,78.28346,15.72016,2022-07-22
Rangifer tarandus,Svalbard Reindeer,Mammalia,svalbard_arctic,78.04425,17.01424,2022-07-26
Rangifer tarandus,Svalbard Reindeer,Mammalia,svalbard_arctic,78.34886,16.12527,2022-08-07
Bubo scandiacus,Snowy Owl,Aves,svalbard_arctic,77.91855,17.99747,2022-08-12
Rangifer tarandus,Svalbard Reindeer,Mammalia,svalbard_arctic,78.64362,15.25508,2022-08-12
Ursus maritimus,Polar Bear,Mammalia,svalbard_arctic,77.88711,14.00899,2022-08-22
Ovibos moschatus,Muskox,Mammalia,svalbard_arctic,78.51013,13.1855,2022-08-22
Ursus maritimus,Polar Bear,Mammalia,svalbard_arctic,78.52351,15.05066,2022-08-29
Vulpes lagopus,Arctic Fox,Mammalia,svalbard_arctic,78.85065,16.64517,2022-09-02
Vulpes lagopus,Arctic Fox,Mammalia,svalbard_arctic,78.46735,13.26575,2022-09-05
Ovibos moschatus,Muskox,Mammalia,svalbard_arctic,78.21483,18.92332,2022-09-13
Vulpes lagopus,Arctic Fox,Mammalia,svalbard_arctic,78.59596,14.66547,2022-09-14
Bubo scandiacus,Snowy Owl,Aves,svalbard_arctic,78.62024,14.1677,2022-09-20
Bubo scandiacus,Snowy Owl,Aves,svalbard_arctic,78.54457,16.49257,2022-09-27
Ovibos moschatus,Muskox,Mammalia,svalbard_arctic,78.72839,13.93519,2022-10-09
Ovibos moschatus,Muskox,Mammalia,svalbard_arctic,77.96251,14.04134,2022-10-12
Ovibos moschatus,Muskox,Mammalia,svalbard_arctic,77.88085,18.63724,2022-10-13
Vulpes lagopus,Arctic Fox,Mammalia,svalbard_arctic,77.43727,16.82,2022-10-15
Vulpes lagopus,Arctic Fox,Mammalia,svalbard_arctic,78.28771,18.24552,2022-10-18
Ovibos moschatus,Muskox,Mammalia,svalbard_arctic,78.42673,11.80986,2022-10-22
Ursus maritimus,Polar Bear,Mammalia,svalbard_arctic,78.46991,13.88652,2022-10-27
Rangifer tarandus,Svalbard Reindeer,Mammalia,svalbard_arctic,78.07829,16.32131,2022-10-28
Bubo scandiacus,Snowy Owl,Aves,svalbard_arctic,77.82434,15.68488,2022-10-31
Ovibos moschatus,Muskox,Mammalia,svalbard_arctic,78.9716,13.67774,2022-11-03
Rangifer tarandus,Svalbard Reindeer,Mammalia,svalbard_arctic,77.66081,15.92232,2022-11-04
Bubo scandiacus,Snowy Owl,Aves,svalbard_arctic,78.40176,14.96988,2022-11-09
Ovibos moschatus,Muskox,Mammalia,svalbard_arctic,78.13542,13.74838,2022-11-18
Rangifer tarandus,Svalbard Reindeer,Mammalia,svalbard_arctic,78.85378,17.31339,2022-11-19
Ovibos moschatus,Muskox,Mammalia,svalbard_arctic,78.29844,15.76907,2022-12-23
Vulpes lagopus,Arctic Fox,Mammalia,svalbard_arctic,78.08196,17.01375,2022-12-28
Ovibos moschatus,Muskox,Mammalia,svalbard_arctic,78.30154,19.01456,2023-01-06
Ovibos moschatus,Muskox,Mammalia,svalbard_arctic,77.34401,15.22633,2023-01-20
Vulpes lagopus,Arctic Fox,Mammalia,svalbard_arctic,78.68234,14.8983,2023-02-05
Ovibos moschatus,Muskox,Mammalia,svalbard_arctic,78.55089,16.79022,2023-02-14
Ovibos moschatus,Muskox,Mammalia,svalbard_arctic,77.62929,15.24202,2023-02-17
Rangifer tarandus,Svalbard Reindeer,Mammalia,svalbard_arctic,77.76921,12.69129,2023-02-20
Bubo scandiacus,Snowy Owl,Aves,svalbard_arctic,77.9382,17.80531,2023-02-20
Rangifer tarandus,Svalbard Reindeer,Mammalia,svalbard_arctic,77.53887,17.3663,2023-02-23
Ovibos moschatus,Muskox,Mammalia,svalbard_arctic,78.42924,14.80459,2023-03-05
Ovibos moschatus,Muskox,Mammalia,svalbard_arctic,78.15893,15.99215,2023-03-16
Rangifer tarandus,Svalbard Reindeer,Mammalia,svalbard_arctic,78.34124,16.77407,2023-03-19
Ursus maritimus,Polar Bear,Mammalia,svalbard_arctic,78.49999,15.60765,2023-03-26
Ovibos moschatus,Muskox,Mammalia,svalbard_arctic,78.71268,14.65912,2023-04-20
Bubo scandiacus,Snowy Owl,Aves,svalbard_arctic,77.9375,14.64276,2023-05-03
Rangifer tarandus,Svalbard Reindeer,Mammalia,svalbard_arctic,77.59759,14.63667,2023-05-06
Rangifer tarandus,Svalbard Reindeer,Mammalia,svalbard_arctic,77.96635,16.42097,2023-05-08
Rangifer tarandus,Svalbard Reindeer,Mammalia,svalbard_arctic,78.15347,13.31118,2023-05-09
Bubo scandiacus,Snowy Owl,Aves,svalbard_arctic,78.71464,18.7621,2023-05-20
Vulpes lagopus,Arctic Fox,Mammalia,svalbard_arctic,77.57602,13.83417,2023-05-20
Rangifer tarandus,Svalbard Reindeer,Mammalia,svalbard_arctic,78.1527,18.36948,2023-05-22
Bubo scandiacus,Snowy Owl,Aves,svalbard_arctic,78.04585,15.65895,2023-05-23
Rangifer tarandus,Svalbard Reindeer,Mammalia,svalbard_arctic,78.07799,13.56663,2023-05-24
Ovibos moschatus,Muskox,Mammalia,svalbard_arctic,78.58307,17.00649,2023-05-26
Vulpes lagopus,Arctic Fox,Mammalia,svalbard_arctic,78.22299,15.61964,2023-05-30
Vulpes lagopus,Arctic Fox,Mammalia,svalbard_arctic,78.27212,15.97012,2023-06-06
Vulpes lagopus,Arctic Fox,Mammalia,svalbard_arctic,78.94367,15.42978,2023-06-11
Rangifer tarandus,Svalbard Reindeer,Mammalia,svalbard_arctic,78.04343,15.56918,2023-06-13
Vulpes lagopus,Arctic Fox,Mammalia,svalbard_arctic,78.54518,19.51714,2023-06-16
Vulpes lagopus,Arctic Fox,Mammalia,svalbard_arctic,78.44174,15.9692,2023-06-18
Rangifer tarandus,Svalbard Reindeer,Mammalia,svalbard_arctic,77.84437,12.17183,2023-06-19
Bubo scandiacus,Snowy Owl,Aves,svalbard_arctic,78.65828,18.2193,2023-06-20
Ovibos moschatus,Muskox,Mammalia,svalbard_arctic,78.66365,18.74468,2023-06-22
Rangifer tarandus,Svalbard Reindeer,Mammalia,svalbard_arctic,78.19142,15.88725,2023-06-25
Ovibos moschatus,Muskox,Mammalia,svalbard_arctic,78.30524,15.7342,2023-06-25
Rangifer tarandus,Svalbard Reindeer,Mammalia,svalbard_arctic,78.34819,15.41827,2023-07-01
Ursus maritimus,Polar Bear,Mammalia,svalbard_arctic,78.21435,15.40028,2023-07-02
Bubo scandiacus,Snowy Owl,Aves,svalbard_arctic,79.04459,16.79452,2023-07-03
Rangifer tarandus,Svalbard Reindeer,Mammalia,svalbard_arctic,78.21552,15.08098,2023-07-10
Ovibos moschatus,Muskox,Mammalia,svalbard_arctic,77.74806,19.09034,2023-07-14
Rangifer tarandus,Svalbard Reindeer,Mammalia,svalbard_arctic,78.05138,17.34536,2023-07-16
Rangifer tarandus,Svalbard Reindeer,Mammalia,svalbard_arctic,77.91373,12.69451,2023-07-17
Vulpes lagopus,Arctic Fox,Mammalia,svalbard_arctic,78.37376,15.7585,2023-07-20
Ovibos moschatus,Muskox,Mammalia,svalbard_arctic,78.50451,12.52061,2023-07-30
Ovibos moschatus,Muskox,Mammalia,svalbard_arctic,78.9312,14.65142,2023-07-31
Rangifer tarandus,Svalbard Reindeer,Mammalia,svalbard_arctic,77.91531,19.64584,2023-08-04
Ovibos moschatus,Muskox,Mammalia,svalbard_arctic,77.76965,16.99977,2023-08-04
Ovibos moschatus,Muskox,Mammalia,svalbard_arctic,78.03596,17.34969,2023-08-13
Bubo scandiacus,Snowy Owl,Aves,svalbard_arctic,78.32988,16.65063,2023-08-14
Ursus maritimus,Polar Bear,Mammalia,svalbard_arctic,78.39672,15.94169,2023-08-17
Rangifer tarandus,Svalbard Reindeer,Mammalia,svalbard_arctic,78.85493,16.14635,2023-08-22
Rangifer tarandus,Svalbard Reindeer,Mammalia,svalbard_arctic,78.62012,15.12438,2023-08-23
Vulpes lagopus,Arctic Fox,Mammalia,svalbard_arctic,78.30648,16.32385,2023-08-27
Bubo scandiacus,Snowy Owl,Aves,svalbard_arctic,77.60774,15.88743,2023-09-15
Ovibos moschatus,Muskox,Mammalia,svalbard_arctic,77.93111,11.82001,2023-09-15
Ursus maritimus,Polar Bear,Mammalia,svalbard_arctic,77.6436,13.62807,2023-09-17
Ovibos moschatus,Muskox,Mammalia,svalbard_arctic,78.32501,16.1003,2023-09-19
Rangifer tarandus,Svalbard Reindeer,Mammalia,svalbard_arctic,78.10975,18.08317,2023-09-28
Bubo scandiacus,Snowy Owl,Aves,svalbard_arctic,78.05547,16.27979,2023-09-29
Ovibos moschatus,Muskox,Mammalia,svalbard_arctic,77.95203,14.3821,2023-10-08
Bubo scandiacus,Snowy Owl,Aves,svalbard_arctic,77.62417,17.8793,2023-10-10
Ovibos moschatus,Muskox,Mammalia,svalbard_arctic,78.28203,15.06113,2023-10-13
Vulpes lagopus,Arctic Fox,Mammalia,svalbard_arctic,78.18756,15.70616,2023-10-21
Vulpes lagopus,Arctic Fox,Mammalia,svalbard_arctic,78.07068,19.65532,2023-10-26
Vulpes lagopus,Arctic Fox,Mammalia,svalbard_arctic,78.17021,15.33132,2023-10-28
Ursus maritimus,Polar Bear,Mammalia,svalbard_arctic,78.09065,17.06337,2023-10-30
Vulpes lagopus,Arctic Fox,Mammalia,svalbard_arctic,78.63064,17.39341,2023-11-05
Rangifer tarandus,Svalbard Reindeer,Mammalia,svalbard_arctic,77.9106,13.03458,2023-11-07
Rangifer tarandus,Svalbard Reindeer,Mammalia,svalbard_arctic,77.89257,11.77971,2023-11-17
Vulpes lagopus,Arctic Fox,Mammalia,svalbard_arctic,78.0775,16.01955,2023-12-07
Ovibos moschatus,Muskox,Mammalia,svalbard_arctic,78.80267,12.58623,2023-12-12
Ovibos moschatus,Muskox,Mammalia,svalbard_arctic,78.23164,16.41517,2023-12-30
Bubo scandiacus,Snowy Owl,Aves,svalbard_arctic,78.24948,14.18183,2023-12-31
Ovibos moschatus,Muskox,Mammalia,svalbard_arctic,78.25205,15.26688,2024-01-02
Rangifer tarandus,Svalbard Reindeer,Mammalia,svalbard_arctic,78.26132,12.33738,2024-01-05
Rangifer tarandus,Svalbard Reindeer,Mammalia,svalbard_arctic,77.85044,18.41069,2024-01-21
Ovibos moschatus,Muskox,Mammalia,svalbard_arctic,78.40476,14.82345,2024-02-02
Ovibos moschatus,Muskox,Mammalia,svalbard_arctic,78.40919,12.69854,2024-02-22
Ovibos moschatus,Muskox,Mammalia,svalbard_arctic,78.46539,15.29889,2024-02-22
Ovibos moschatus,Muskox,Mammalia,svalbard_arctic,78.22117,15.34067,2024-03-09
Ovibos moschatus,Muskox,Mammalia,svalbard_arctic,77.72122,18.0896,2024-03-17
Ovibos moschatus,Muskox,Mammalia,svalbard_arctic,78.90543,18.0214,2024-03-23
Bubo scandiacus,Snowy Owl,Aves,svalbard_arctic,78.31327,15.39594,2024-03-24
Vulpes lagopus,Arctic Fox,Mammalia,svalbard_arctic,78.0241,15.99562,2024-03-24
Vulpes lagopus,Arctic Fox,Mammalia,svalbard_arctic,78.84777,13.54145,2024-03-27
Ovibos moschatus,Muskox,Mammalia,svalbard_arctic,77.88903,13.20632,2024-04-09
Ovibos moschatus,Muskox,Mammalia,svalbard_arctic,78.20338,15.22083,2024-04-17
Ovibos moschatus,Muskox,Mammalia,svalbard_arctic,78.39943,15.57608,2024-04-21
Ursus maritimus,Polar Bear,Mammalia,svalbard_arctic,78.99829,16.51948,2024-04-21
Ovibos moschatus,Muskox,Mammalia,svalbard_arctic,78.18996,15.71631,2024-04-24
Ovibos moschatus,Muskox,Mammalia,svalbard_arctic,78.7667,15.28173,2024-04-25
Ovibos moschatus,Muskox,Mammalia,svalbard_arctic,78.51255,17.25619,2024-05-01
Ovibos moschatus,Muskox,Mammalia,svalbard_arctic,77.65106,14.55271,2024-05-02
Ursus maritimus,Polar Bear,Mammalia,svalbard_arctic,78.03274,14.56841,2024-05-03
Vulpes lagopus,Arctic Fox,Mammalia,svalbard_arctic,78.46595,13.99745,2024-05-08
Vulpes lagopus,Arctic Fox,Mammalia,svalbard_arctic,78.99471,16.26877,2024-05-09
Rangifer tarandus,Svalbard Reindeer,Mammalia,svalbard_arctic,78.23249,15.68526,2024-05-11
Ovibos moschatus,Muskox,Mammalia,svalbard_arctic,78.50321,16.15765,2024-05-15
Ursus maritimus,Polar Bear,Mammalia,svalbard_arctic,78.06539,17.33046,2024-05-17
Vulpes lagopus,Arctic Fox,Mammalia,svalbard_arctic,77.78953,19.02695,2024-05-19
Vulpes lagopus,Arctic Fox,Mammalia,svalbard_arctic,77.93952,16.05146,2024-05-19
Ovibos moschatus,Muskox,Mammalia,svalbard_arctic,78.25794,16.53278,2024-05-24
Vulpes lagopus,Arctic Fox,Mammalia,svalbard_arctic,78.21393,17.55174,2024-05-30
Rangifer tarandus,Svalbard Reindeer,Mammalia,svalbard_arctic,78.79784,12.37248,2024-06-17
Ovibos moschatus,Muskox,Mammalia,svalbard_arctic,78.0709,12.43616,2024-06-20
Bubo scandiacus,Snowy Owl,Aves,svalbard_arctic,78.19228,15.58455,2024-06-26
Rangifer tarandus,Svalbard Reindeer,Mammalia,svalbard_arctic,78.78705,17.68077,2024-06-26
Rangifer tarandus,Svalbard Reindeer,Mammalia,svalbard_arctic,77.63903,17.7681,2024-07-03
Vulpes lagopus,Arctic Fox,Mammalia,svalbard_arctic,78.21341,15.66127,2024-07-07
Ursus maritimus,Polar Bear,Mammalia,svalbard_arctic,77.70358,18.04818,2024-07-07
Rangifer tarandus,Svalbard Reindeer,Mammalia,svalbard_arctic,77.79203,15.66163,2024-07-09
Bubo scandiacus,Snowy Owl,Aves,svalbard_arctic,78.19146,15.89184,2024-07-10
Ovibos moschatus,Muskox,Mammalia,svalbard_arctic,77.58557,15.34436,2024-07-12
Vulpes lagopus,Arctic Fox,Mammalia,svalbard_arctic,78.50579,12.28233,2024-07-13
Bubo scandiacus,Snowy Owl,Aves,svalbard_arctic,77.59496,18.30934,2024-07-18
Rangifer tarandus,Svalbard Reindeer,Mammalia,svalbard_arctic,78.38667,14.41552,2024-07-20
Rangifer tarandus,Svalbard Reindeer,Mammalia,svalbard_arctic,78.45588,16.85402,2024-07-25
Rangifer tarandus,Svalbard Reindeer,Mammalia,svalbard_arctic,78.26362,15.67561,2024-07-27
Rangifer tarandus,Svalbard Reindeer,Mammalia,svalbard_arctic,77.65779,13.98296,2024-07-28
Vulpes lagopus,Arctic Fox,Mammalia,svalbard_arctic,77.44897,14.92775,2024-07-30
Rangifer tarandus,Svalbard Reindeer,Mammalia,svalbard_arctic,78.31944,19.75131,2024-08-04
Bubo scandiacus,Snowy Owl,Aves,svalbard_arctic,78.4234,16.44934,2024-08-09
Ursus maritimus,Polar Bear,Mammalia,svalbard_arctic,78.37759,13.32824,2024-08-10
Bubo scandiacus,Snowy Owl,Aves,svalbard_arctic,78.82337,16.04139,2024-08-11
Rangifer tarandus,Svalbard Reindeer,Mammalia,svalbard_arctic,78.3438,16.98213,2024-08-11
Ovibos moschatus,Muskox,Mammalia,svalbard_arctic,77.90875,15.611,2024-08-20
Vulpes lagopus,Arctic Fox,Mammalia,svalbard_arctic,78.91721,14.77156,2024-08-22
Vulpes lagopus,Arctic Fox,Mammalia,svalbard_arctic,78.67306,13.21372,2024-08-30
Bubo scandiacus,Snowy Owl,Aves,svalbard_arctic,78.93534,15.46481,2024-08-30
Ursus maritimus,Polar Bear,Mammalia,svalbard_arctic,78.21667,15.8258,2024-09-01
Ovibos moschatus,Muskox,Mammalia,svalbard_arctic,77.99185,15.38671,2024-09-03
Vulpes lagopus,Arctic Fox,Mammalia,svalbard_arctic,78.30298,19.94066,2024-09-05
Vulpes lagopus,Arctic Fox,Mammalia,svalbard_arctic,78.8876,17.2012,2024-09-14
Vulpes lagopus,Arctic Fox,Mammalia,svalbard_arctic,77.87139,13.23031,2024-09-16
Ursus maritimus,Polar Bear,Mammalia,svalbard_arctic,78.58375,17.74788,2024-09-21
Vulpes lagopus,Arctic Fox,Mammalia,svalbard_arctic,78.18962,15.58939,2024-09-22
Ovibos moschatus,Muskox,Mammalia,svalbard_arctic,78.29745,15.4743,2024-09-24
Bubo scandiacus,Snowy Owl,Aves,svalbard_arctic,78.28367,17.37055,2024-09-27
Rangifer tarandus,Svalbard Reindeer,Mammalia,svalbard_arctic,78.33907,15.5688,2024-10-02
Rangifer tarandus,Svalbard Reindeer,Mammalia,svalbard_arctic,78.54033,18.15109,2024-10-11
Vulpes lagopus,Arctic Fox,Mammalia,svalbard_arctic,78.75505,17.08087,2024-10-16
Bubo scandiacus,Snowy Owl,Aves,svalbard_arctic,78.81737,18.04503,2024-10-16
Ovibos moschatus,Muskox,Mammalia,svalbard_arctic,78.03612,15.78668,2024-10-18
Ursus maritimus,Polar Bear,Mammalia,svalbard_arctic,78.32944,12.88816,2024-11-11
Bubo scandiacus,Snowy Owl,Aves,svalbard_arctic,78.10359,15.41393,2024-11-13
Vulpes lagopus,Arctic Fox,Mammalia,svalbard_arctic,78.8875,14.45364,2024-11-19
Vulpes lagopus,Arctic Fox,Mammalia,svalbard_arctic,78.26045,15.78331,2024-11-27
Ovibos moschatus,Muskox,Mammalia,svalbard_arctic,78.21917,19.55953,2024-12-02
Ovibos moschatus,Muskox,Mammalia,svalbard_arctic,77.57655,17.79034,2024-12-07
Vulpes lagopus,Arctic Fox,Mammalia,svalbard_arctic,78.56551,16.1377,2024-12-22
Ovibos moschatus,Muskox,Mammalia,svalbard_arctic,78.32692,15.60474,2024-12-30
Ovibos moschatus,Muskox,Mammalia,svalbard_arctic,77.75873,17.75823,2025-01-03
Vulpes lagopus,Arctic Fox,Mammalia,svalbard_arctic,78.21684,15.65101,2025-01-16
Ursus maritimus,Polar Bear,Mammalia,svalbard_arctic,77.88457,15.8913,2025-01-23
Ursus maritimus,Polar Bear,Mammalia,svalbard_arctic,77.86792,13.73992,2025-01-30
Ovibos moschatus,Muskox,Mammalia,svalbard_arctic,78.88858,13.90712,2025-02-04
Vulpes lagopus,Arctic Fox,Mammalia,svalbard_arctic,77.86894,12.62144,2025-02-06
Rangifer tarandus,Svalbard Reindeer,Mammalia,svalbard_arctic,78.23362,16.23786,2025-02-12
Vulpes lagopus,Arctic Fox,Mammalia,svalbard_arctic,78.40529,15.94077,2025-02-14
Ursus maritimus,Polar Bear,Mammalia,svalbard_arctic,78.55322,17.71994,2025-02-15
Rangifer tarandus,Svalbard Reindeer,Mammalia,svalbard_arctic,78.00232,12.3759,2025-02-16
Rangifer tarandus,Svalbard Reindeer,Mammalia,svalbard_arctic,78.58675,16.38289,2025-03-02
Rangifer tarandus,Svalbard Reindeer,Mammalia,svalbard_arctic,78.7227,16.54316,2025-03-03
Bubo scandiacus,Snowy Owl,Aves,svalbard_arctic,78.81672,17.5454,2025-03-04
Ovibos moschatus,Muskox,Mammalia,svalbard_arctic,78.19673,19.5235,2025-03-08
Ovibos moschatus,Muskox,Mammalia,svalbard_arctic,78.43505,15.42599,2025-03-09
Vulpes lagopus,Arctic Fox,Mammalia,svalbard_arctic,78.27071,12.03656,2025-03-14
Vulpes lagopus,Arctic Fox,Mammalia,svalbard_arctic,78.17936,18.17763,2025-03-20
Vulpes lagopus,Arctic Fox,Mammalia,svalbard_arctic,78.40518,13.56929,2025-03-20
Rangifer tarandus,Svalbard Reindeer,Mammalia,svalbard_arctic,77.93811,13.61236,2025-03-21
Vulpes lagopus,Arctic Fox,Mammalia,svalbard_arctic,77.73488,17.74883,2025-04-07
Vulpes lagopus,Arctic Fox,Mammalia,svalbard_arctic,78.05437,13.4298,2025-04-19
Ovibos moschatus,Muskox,Mammalia,svalbard_arctic,77.82933,17.0424,2025-04-24
Ursus maritimus,Polar Bear,Mammalia,svalbard_arctic,78.38295,14.68563,2025-05-02
Ovibos moschatus,Muskox,Mammalia,svalbard_arctic,77.69651,19.12039,2025-05-11
Vulpes lagopus,Arctic Fox,Mammalia,svalbard_arctic,77.72991,12.56257,2025-05-13
Bubo scandiacus,Snowy Owl,Aves,svalbard_arctic,78.19208,16.63067,2025-05-16
Vulpes lagopus,Arctic Fox,Mammalia,svalbard_arctic,78.40046,15.17674,2025-05-17
Vulpes lagopus,Arctic Fox,Mammalia,svalbard_arctic,78.22931,15.13328,2025-05-24
Vulpes lagopus,Arctic Fox,Mammalia,svalbard_arctic,78.21321,15.59457,2025-05-24
Rangifer tarandus,Svalbard Reindeer,Mammalia,svalbard_arctic,77.97194,14.6177,2025-05-26
Vulpes lagopus,Arctic Fox,Mammalia,svalbard_arctic,78.27677,15.98853,2025-05-28
Ovibos moschatus,Muskox,Mammalia,svalbard_arctic,78.08861,17.04568,2025-05-31
Bubo scandiacus,Snowy Owl,Aves,svalbard_arctic,78.49304,17.27917,2025-06-02
Rangifer tarandus,Svalbard Reindeer,Mammalia,svalbard_arctic,77.97074,14.23488,2025-06-05
Rangifer tarandus,Svalbard Reindeer,Mammalia,svalbard_arctic,78.08402,14.949,2025-06-08
Vulpes lagopus,Arctic Fox,Mammalia,svalbard_arctic,78.1699,15.55255,2025-06-09
Rangifer tarandus,Svalbard Reindeer,Mammalia,svalbard_arctic,78.89219,16.2917,2025-06-26
Vulpes lagopus,Arctic Fox,Mammalia,svalbard_arctic,78.1724,14.04419,2025-06-29
Rangifer tarandus,Svalbard Reindeer,Mammalia,svalbard_arctic,78.7262,18.12284,2025-07-01
Rangifer tarandus,Svalbard Reindeer,Mammalia,svalbard_arctic,78.13984,15.13872,2025-07-05
Vulpes lagopus,Arctic Fox,Mammalia,svalbard_arctic,77.8784,15.96347,2025-07-08
Rangifer tarandus,Svalbard Reindeer,Mammalia,svalbard_arctic,78.2544,15.88452,2025-07-10
Bubo scandiacus,Snowy Owl,Aves,svalbard_arctic,78.13017,18.44919,2025-07-17
Ovibos moschatus,Muskox,Mammalia,svalbard_arctic,77.84886,16.11039,2025-07-20
Rangifer tarandus,Svalbard Reindeer,Mammalia,svalbard_arctic,78.30527,11.9558,2025-07-22
Ovibos moschatus,Muskox,Mammalia,svalbard_arctic,78.21476,17.03909,2025-07-24
Vulpes lagopus,Arctic Fox,Mammalia,svalbard_arctic,78.19813,15.63899,2025-07-28
Ovibos moschatus,Muskox,Mammalia,svalbard_arctic,78.26627,17.87831,2025-07-28
Rangifer tarandus,Svalbard Reindeer,Mammalia,svalbard_arctic,77.98811,17.68783,2025-07-29
Vulpes lagopus,Arctic Fox,Mammalia,svalbard_arctic,78.04498,13.15242,2025-07-30
Vulpes lagopus,Arctic Fox,Mammalia,svalbard_arctic,78.41594,16.69542,2025-07-30
Rangifer tarandus,Svalbard Reindeer,Mammalia,svalbard_arctic,78.1913,15.8043,2025-07-30
Vulpes lagopus,Arctic Fox,Mammalia,svalbard_arctic,77.48514,14.9998,2025-08-06
Ovibos moschatus,Muskox,Mammalia,svalbard_arctic,77.84525,12.75725,2025-08-08
Ovibos moschatus,Muskox,Mammalia,svalbard_arctic,77.9591,14.74875,2025-08-11
Ovibos moschatus,Muskox,Mammalia,svalbard_arctic,77.85578,16.48167,2025-08-23
Rangifer tarandus,Svalbard Reindeer,Mammalia,svalbard_arctic,78.23583,15.90869,2025-08-24
Bubo scandiacus,Snowy Owl,Aves,svalbard_arctic,78.94583,15.68068,2025-08-25
Bubo scandiacus,Snowy Owl,Aves,svalbard_arctic,78.21453,16.76607,2025-08-27
Ovibos moschatus,Muskox,Mammalia,svalbard_arctic,78.28036,13.99915,2025-09-02
Vulpes lagopus,Arctic Fox,Mammalia,svalbard_arctic,77.70891,14.1196,2025-09-14
Bubo scandiacus,Snowy Owl,Aves,svalbard_arctic,78.234,14.16967,2025-09-30
Rangifer tarandus,Svalbard Reindeer,Mammalia,svalbard_arctic,77.70942,12.22867,2025-10-01
Ovibos moschatus,Muskox,Mammalia,svalbard_arctic,78.08563,19.4114,2025-10-01
Vulpes lagopus,Arctic Fox,Mammalia,svalbard_arctic,78.02519,15.95173,2025-10-03
Vulpes lagopus,Arctic Fox,Mammalia,svalbard_arctic,78.53462,11.55648,2025-10-21
Rangifer tarandus,Svalbard Reindeer,Mammalia,svalbard_arctic,78.84628,14.99167,2025-10-28
Vulpes lagopus,Arctic Fox,Mammalia,svalbard_arctic,77.74247,16.58524,2025-11-02
Rangifer tarandus,Svalbard Reindeer,Mammalia,svalbard_arctic,78.27093,15.63911,2025-11-04
Ovibos moschatus,Muskox,Mammalia,svalbard_arctic,77.56144,17.18673,2025-11-12
Vulpes lagopus,Arctic Fox,Mammalia,svalbard_arctic,77.73004,15.42701,2025-11-20
Rangifer tarandus,Svalbard Reindeer,Mammalia,svalbard_arctic,78.73955,14.35567,2025-11-24
Ovibos moschatus,Muskox,Mammalia,svalbard_arctic,78.14117,15.08198,2025-12-06
Vulpes lagopus,Arctic Fox,Mammalia,svalbard_arctic,78.2407,17.47065,2025-12-06
Rangifer tarandus,Svalbard Reindeer,Mammalia,svalbard_arctic,78.06413,17.71919,2025-12-10
Bubo scandiacus,Snowy Owl,Aves,svalbard_arctic,77.90861,15.25517,2025-12-12
Rangifer tarandus,Svalbard Reindeer,Mammalia,svalbard_arctic,78.05713,15.86222,2025-12-25
Ovibos moschatus,Muskox,Mammalia,svalbard_arctic,78.49635,16.27323,2025-12-26
Ovibos moschatus,Muskox,Mammalia,svalbard_arctic,77.58678,16.46706,2025-12-27
Rangifer tarandus,Svalbard Reindeer,Mammalia,svalbard_arctic,77.44323,14.5532,2025-12-29
Rangifer tarandus,Svalbard Reindeer,Mammalia,svalbard_arctic,77.95763,15.49044,2026-01-02
Vulpes lagopus,Arctic Fox,Mammalia,svalbard_arctic,78.20676,14.56429,2026-01-06
Ovibos moschatus,Muskox,Mammalia,svalbard_arctic,78.23708,14.38154,2026-01-13
Rangifer tarandus,Svalbard Reindeer,Mammalia,svalbard_arctic,78.91386,14.25415,2026-01-16
Rangifer tarandus,Svalbard Reindeer,Mammalia,svalbard_arctic,78.25213,16.70261,2026-01-17
Vulpes lagopus,Arctic Fox,Mammalia,svalbard_arctic,78.68927,14.54773,2026-01-17
Rangifer tarandus,Svalbard Reindeer,Mammalia,svalbard_arctic,77.33219,15.18912,2026-01-27
Ovibos moschatus,Muskox,Mammalia,svalbard_arctic,78.40902,13.40154,2026-02-03
Vulpes lagopus,Arctic Fox,Mammalia,svalbard_arctic,78.27101,16.5799,2026-02-04
Rangifer tarandus,Svalbard Reindeer,Mammalia,svalbard_arctic,78.21526,14.02648,2026-02-28
Ovibos moschatus,Muskox,Mammalia,svalbard_arctic,78.28144,15.84353,2026-03-17
Vulpes lagopus,Arctic Fox,Mammalia,svalbard_arctic,77.68341,16.73204,2026-03-18
Ovibos moschatus,Muskox,Mammalia,svalbard_arctic,79.02356,14.5817,2026-03-24
Bubo scandiacus,Snowy Owl,Aves,svalbard_arctic,78.27869,14.96313,2026-03-26
Vulpes lagopus,Arctic Fox,Mammalia,svalbard_arctic,78.19695,15.45524,2026-04-04
Bubo scandiacus,Snowy Owl,Aves,svalbard_arctic,78.24661,15.60142,2026-04-10
Vulpes lagopus,Arctic Fox,Mammalia,svalbard_arctic,78.22039,15.64689,2026-04-11
Bubo scandiacus,Snowy Owl,Aves,svalbard_arctic,78.19238,15.70098,2026-04-16
Ovibos moschatus,Muskox,Mammalia,svalbard_arctic,78.31515,18.62138,2026-04-23
Bubo scandiacus,Snowy Owl,Aves,svalbard_arctic,78.38382,15.98352,2026-05-04
Ovibos moschatus,Muskox,Mammalia,svalbard_arctic,78.41036,15.60712,2026-05-04
Ovibos moschatus,Muskox,Mammalia,svalbard_arctic,77.85099,16.93165,2026-05-08
Ovibos moschatus,Muskox,Mammalia,svalbard_arctic,78.31236,13.17606,2026-05-09
Rangifer tarandus,Svalbard Reindeer,Mammalia,svalbard_arctic,78.22303,15.66107,2026-05-10
Ursus maritimus,Polar Bear,Mammalia,svalbard_arctic,78.46049,18.60529,2026-05-20
Vulpes lagopus,Arctic Fox,Mammalia,svalbard_arctic,77.7478,17.02506,2026-05-21
Rangifer tarandus,Svalbard Reindeer,Mammalia,svalbard_arctic,78.15058,14.98653,2026-06-01
Vulpes lagopus,Arctic Fox,Mammalia,svalbard_arctic,78.07466,12.62887,2026-06-02
Ovibos moschatus,Muskox,Mammalia,svalbard_arctic,77.55379,13.63014,2026-06-09
Bubo scandiacus,Snowy Owl,Aves,svalbard_arctic,78.48918,11.58177,2026-06-19
Vulpes lagopus,Arctic Fox,Mammalia,svalbard_arctic,78.34774,15.40756,2026-06-24
Ovibos moschatus,Muskox,Mammalia,svalbard_arctic,77.71638,18.59762,2026-06-28
Vulpes lagopus,Arctic Fox,Mammalia,svalbard_arctic,78.37009,16.54655,2026-07-09
Vulpes lagopus,Arctic Fox,Mammalia,svalbard_arctic,77.76201,17.88657,2026-07-13
Vulpes lagopus,Arctic Fox,Mammalia,svalbard_arctic,77.41265,16.60432,2026-07-17
Ovibos moschatus,Muskox,Mammalia,svalbard_arctic,77.96088,14.18337,2026-07-20
Vulpes lagopus,Arctic Fox,Mammalia,svalbard_arctic,78.34845,15.79603,2026-07-22
Ursus maritimus,Polar Bear,Mammalia,svalbard_arctic,78.6956,13.90088,2026-07-23
Ursus maritimus,Polar Bear,Mammalia,svalbard_arctic,78.05186,15.34581,2026-07-25
Vulpes lagopus,Arctic Fox,Mammalia,svalbard_arctic,78.49355,16.10327,2026-07-28
Vulpes lagopus,Arctic Fox,Mammalia,svalbard_arctic,78.25387,15.89076,2026-08-01
Ovibos moschatus,Muskox,Mammalia,svalbard_arctic,78.40848,13.45206,2026-08-04
Ovibos moschatus,Muskox,Mammalia,svalbard_arctic,78.24121,14.83541,2026-08-08
Bubo scandiacus,Snowy Owl,Aves,svalbard_arctic,78.18226,15.59273,2026-08-11
Vulpes lagopus,Arctic Fox,Mammalia,svalbard_arctic,78.111,15.36141,2026-08-11
Rangifer tarandus,Svalbard Reindeer,Mammalia,svalbard_arctic,78.01174,16.63765,2026-08-15
Vulpes lagopus,Arctic Fox,Mammalia,svalbard_arctic,77.93714,17.96777,2026-08-17
Rangifer tarandus,Svalbard Reindeer,Mammalia,svalbard_arctic,78.26905,14.67374,2026-08-21
Bubo scandiacus,Snowy Owl,Aves,svalbard_arctic,77.47523,14.0493,2026-08-21
Rangifer tarandus,Svalbard Reindeer,Mammalia,svalbard_arctic,78.23932,13.78013,2026-08-24
Rangifer tarandus,Svalbard Reindeer,Mammalia,svalbard_arctic,78.47958,16.92678,2026-08-29
Vulpes lagopus,Arctic Fox,Mammalia,svalbard_arctic,78.58595,14.2989,2026-09-01
Rangifer tarandus,Svalbard Reindeer,Mammalia,svalbard_arctic,77.91693,14.696,2026-09-01
Ovibos moschatus,Muskox,Mammalia,svalbard_arctic,78.35486,12.51984,2026-09-02
Bubo scandiacus,Snowy Owl,Aves,svalbard_arctic,78.01303,18.10172,2026-09-15
