area_id,date,temperature_2m_max,temperature_2m_min,precipitation_sum,windspeed_10m_max,cloudcover_mean
yellowstone,2021-01-12,-3.5,-14.2,1.9,12.1,78
yellowstone,2021-01-13,-1.5,-10.6,4.0,30.8,70
yellowstone,2021-01-14,-8.1,-15.6,0.0,14.6,13
yellowstone,2021-01-15,-5.1,-18.5,0.7,8.0,69
yellowstone,2021-01-16,-5.3,-10.4,0.2,13.7,69
yellowstone,2021-01-17,-6.4,-10.5,4.0,16.3,91
yellowstone,2021-01-18,-6.9,-13.9,0.8,15.3,47
yellowstone,2021-01-19,-7.2,-19.8,0.0,10.8,31
yellowstone,2021-01-20,-7.2,-17.3,0.0,13.7,75
yellowstone,2021-01-21,-6.2,-14.7,1.7,11.1,91
yellowstone,2021-01-22,-4.2,-10.2,0.9,6.2,91
yellowstone,2021-01-23,-6.3,-16.6,0.0,10.0,47
yellowstone,2021-01-24,-8.1,-21.0,0.0,9.7,18
yellowstone,2021-01-25,-8.6,-22.0,0.0,9.4,62
yellowstone,2021-01-26,-8.0,-20.6,0.0,8.8,67
yellowstone,2021-01-27,-6.9,-14.2,1.8,14.2,98
yellowstone,2021-01-28,-3.1,-9.6,2.3,12.6,95
yellowstone,2021-01-29,-1.6,-6.4,3.8,15.3,96
yellowstone,2021-01-30,-4.6,-9.1,1.6,15.3,90
yellowstone,2021-01-31,-2.3,-10.7,0.0,9.0,32
yellowstone,2021-02-01,-0.3,-13.6,0.0,10.0,32
yellowstone,2021-02-02,1.1,-11.7,0.0,14.7,16
yellowstone,2021-02-03,-3.6,-11.3,10.1,18.8,82
yellowstone,2021-02-04,-9.3,-13.1,2.1,19.7,83
yellowstone,2021-02-05,-6.5,-11.7,8.0,23.2,95
yellowstone,2021-02-06,-7.2,-10.4,5.3,25.1,93
yellowstone,2021-02-07,-7.4,-11.6,2.5,26.6,70
yellowstone,2021-02-08,-9.2,-12.8,2.6,23.0,75
yellowstone,2021-02-09,-7.1,-13.7,0.0,21.3,60
yellowstone,2021-02-10,-8.2,-15.4,0.0,20.4,65
yellowstone,2021-02-11,-9.1,-15.1,1.0,18.4,71
yellowstone,2021-02-12,-9.8,-18.1,4.9,9.0,96
yellowstone,2021-02-13,-9.0,-19.9,1.5,10.5,92
yellowstone,2021-02-14,-9.4,-21.9,0.2,12.5,81
yellowstone,2021-02-15,-8.0,-14.9,5.5,15.3,97
yellowstone,2021-02-16,-6.7,-10.1,2.4,21.1,95
yellowstone,2021-02-17,-8.8,-14.7,2.0,12.1,86
yellowstone,2021-02-18,-9.8,-16.9,0.1,16.0,64
yellowstone,2021-02-19,-6.9,-14.1,4.3,15.2,98
yellowstone,2021-02-20,-6.2,-11.8,3.6,15.0,76
yellowstone,2021-02-21,-6.8,-14.2,0.0,21.1,63
yellowstone,2021-02-22,-4.6,-9.8,0.9,25.2,98
yellowstone,2021-02-23,-4.6,-13.6,5.5,32.3,68
yellowstone,2021-02-24,-9.0,-18.6,0.6,8.7,51
yellowstone,2021-02-25,-9.4,-20.1,1.5,19.9,49
yellowstone,2021-02-26,-8.9,-12.8,4.6,24.1,97
yellowstone,2021-02-27,-7.9,-17.1,5.0,16.5,74
yellowstone,2021-02-28,-8.8,-17.6,0.0,16.2,44
yellowstone,2021-03-01,-1.1,-16.5,0.0,11.5,32
yellowstone,2021-03-02,-1.1,-14.6,0.0,16.2,11
yellowstone,2021-03-03,2.0,-12.4,0.0,8.8,8
yellowstone,2021-03-04,3.2,-13.4,0.0,8.6,40
yellowstone,2021-03-05,3.2,-13.0,0.0,9.8,27
yellowstone,2021-03-06,4.7,-8.4,0.5,29.3,49
yellowstone,2021-03-07,0.6,-7.8,0.0,16.7,50
yellowstone,2021-03-08,5.0,-8.8,2.0,23.2,55
yellowstone,2021-03-09,-2.8,-9.2,6.3,20.6,88
yellowstone,2021-03-10,-5.2,-11.1,1.4,10.0,93
yellowstone,2021-03-11,-3.6,-15.8,0.0,8.7,4
yellowstone,2021-03-12,-1.8,-16.5,0.0,9.0,0
yellowstone,2021-03-13,2.2,-14.3,0.0,13.4,1
yellowstone,2021-03-14,5.1,-7.0,0.0,14.8,49
yellowstone,2021-03-15,3.9,-8.3,0.0,14.6,48
yellowstone,2021-03-16,1.1,-7.5,0.0,12.1,97
yellowstone,2021-03-17,2.7,-11.9,0.0,8.7,22
yellowstone,2021-03-18,4.1,-9.5,0.0,17.9,23
yellowstone,2021-03-19,4.8,-5.3,1.1,20.0,39
yellowstone,2021-03-20,-0.2,-4.9,28.7,17.8,100
yellowstone,2021-03-21,-2.3,-10.5,2.6,15.3,57
yellowstone,2021-03-22,-4.8,-11.1,2.9,13.2,93
yellowstone,2021-03-23,-2.6,-12.5,1.8,16.4,67
yellowstone,2021-03-24,-4.3,-15.1,0.3,17.7,62
yellowstone,2021-03-25,-3.2,-8.5,5.0,9.2,100
yellowstone,2021-03-26,-1.2,-8.5,2.1,20.9,72
yellowstone,2021-03-27,0.1,-7.9,0.2,17.4,63
yellowstone,2021-03-28,4.3,-5.8,0.0,27.8,37
yellowstone,2021-03-29,1.9,-14.2,3.7,40.0,48
yellowstone,2021-03-30,-7.5,-16.7,0.3,21.7,46
yellowstone,2021-03-31,-1.4,-17.2,0.0,12.9,2
yellowstone,2021-04-01,6.4,-12.1,0.0,15.1,0
yellowstone,2021-04-02,7.3,-8.8,0.0,16.1,41
yellowstone,2021-04-03,9.3,-4.4,0.0,16.3,58
yellowstone,2021-04-04,9.6,-3.1,0.0,19.2,54
yellowstone,2021-04-05,3.5,-2.3,3.1,13.9,85
yellowstone,2021-04-06,2.3,-4.6,9.0,13.2,88
yellowstone,2021-04-07,3.8,-8.0,0.0,15.8,2
yellowstone,2021-04-08,1.8,-6.9,4.7,32.1,57
yellowstone,2021-04-09,-0.2,-13.9,0.0,15.5,6
yellowstone,2021-04-10,4.0,-9.7,0.7,33.5,23
yellowstone,2021-04-11,-2.2,-12.7,0.4,15.3,56
yellowstone,2021-04-12,-2.9,-12.7,0.4,12.5,63
yellowstone,2021-04-13,-2.5,-13.5,0.0,16.2,51
yellowstone,2021-04-14,-2.8,-12.5,0.9,18.5,84
yellowstone,2021-04-15,-0.8,-10.8,1.7,16.8,86
yellowstone,2021-04-16,-0.3,-11.3,0.0,17.9,29
yellowstone,2021-04-17,4.0,-13.2,0.0,13.5,24
yellowstone,2021-04-18,5.5,-7.6,0.3,18.4,43
yellowstone,2021-04-19,-3.1,-12.0,1.8,16.8,73
yellowstone,2021-04-20,-0.4,-15.2,0.0,9.8,32
yellowstone,2021-04-21,3.0,-14.5,0.0,8.7,0
yellowstone,2021-04-22,3.7,-11.9,0.1,13.5,40
yellowstone,2021-04-23,3.1,-8.9,1.0,18.8,64
yellowstone,2021-04-24,3.4,-6.5,2.0,21.7,92
yellowstone,2021-04-25,1.8,-3.0,4.1,18.3,99
yellowstone,2021-04-26,2.9,-3.4,5.4,9.1,100
yellowstone,2021-04-27,7.1,-5.0,0.0,12.3,17
yellowstone,2021-04-28,8.3,-7.2,0.0,16.1,20
yellowstone,2021-04-29,11.4,-4.6,0.0,15.0,27
yellowstone,2021-04-30,14.6,-1.0,0.0,18.0,52
yellowstone,2021-05-01,11.3,-0.9,3.4,15.1,77
yellowstone,2021-05-02,3.9,-2.4,2.5,15.2,87
yellowstone,2021-05-03,5.2,-4.0,0.7,10.8,69
yellowstone,2021-05-04,6.0,-3.8,1.3,18.1,60
yellowstone,2021-05-05,7.6,-6.2,0.0,14.7,19
yellowstone,2021-05-06,13.8,-4.9,0.0,9.3,11
yellowstone,2021-05-07,13.5,0.1,1.6,21.1,92
yellowstone,2021-05-08,0.0,-7.3,4.4,22.1,71
yellowstone,2021-05-09,0.9,-10.6,0.4,11.6,37
yellowstone,2021-05-10,2.1,-6.9,3.0,12.0,90
yellowstone,2021-05-11,4.2,-6.3,1.6,12.3,49
yellowstone,2021-05-12,8.2,-7.5,0.0,14.3,41
yellowstone,2021-05-13,10.9,-3.3,0.0,16.5,42
yellowstone,2021-05-14,10.4,-0.8,0.8,11.3,91
yellowstone,2021-05-15,11.3,-1.6,1.9,10.6,95
yellowstone,2021-05-16,12.9,-2.0,0.0,12.4,42
yellowstone,2021-05-17,13.7,-1.9,0.4,10.9,29
yellowstone,2021-05-18,14.5,-0.9,0.0,17.9,9
yellowstone,2021-05-19,11.6,-1.5,1.4,16.0,41
yellowstone,2021-05-20,11.5,-0.2,1.4,14.0,48
yellowstone,2021-05-21,7.7,-1.5,2.2,16.6,81
yellowstone,2021-05-22,11.0,-1.5,0.7,23.2,60
yellowstone,2021-05-23,4.0,-0.6,5.0,27.0,88
yellowstone,2021-05-24,4.1,-1.0,7.2,33.3,71
yellowstone,2021-05-25,9.0,-0.7,4.2,13.9,69
yellowstone,2021-05-26,4.7,-1.4,5.9,21.0,70
yellowstone,2021-05-27,11.0,-4.8,0.0,15.8,59
yellowstone,2021-05-28,12.1,-2.4,1.6,23.7,41
yellowstone,2021-05-29,10.9,-5.3,0.0,12.4,6
yellowstone,2021-05-30,14.2,-3.7,0.0,10.8,2
yellowstone,2021-05-31,14.0,-2.7,0.0,13.0,40
yellowstone,2021-06-01,17.2,-1.2,0.0,8.2,65
yellowstone,2021-06-02,19.7,-1.2,0.0,9.6,3
yellowstone,2021-06-03,22.1,-0.5,0.0,11.4,6
yellowstone,2021-06-04,20.9,2.1,1.1,17.7,37
yellowstone,2021-06-05,20.1,2.7,0.7,29.5,27
yellowstone,2021-06-06,15.2,1.7,0.0,22.7,23
yellowstone,2021-06-07,17.4,3.7,0.0,20.6,18
yellowstone,2021-06-08,18.6,5.2,1.6,23.4,63
yellowstone,2021-06-09,20.3,3.5,0.0,20.2,35
yellowstone,2021-06-10,13.4,0.6,1.1,26.0,45
yellowstone,2021-06-11,12.1,-3.5,0.0,18.8,32
yellowstone,2021-06-12,18.5,2.0,0.0,21.7,34
yellowstone,2021-06-13,23.1,3.9,0.0,14.4,15
yellowstone,2021-06-14,25.6,6.5,0.0,17.2,0
yellowstone,2021-06-15,24.5,7.1,0.0,24.7,2
yellowstone,2021-06-16,22.1,6.5,0.0,19.9,5
yellowstone,2021-06-17,21.1,6.1,0.0,18.1,43
yellowstone,2021-06-18,23.3,3.1,0.0,11.2,11
yellowstone,2021-06-19,22.0,6.5,0.0,23.5,36
yellowstone,2021-06-20,13.8,3.9,4.2,14.7,24
yellowstone,2021-06-21,21.3,2.0,0.0,14.6,33
yellowstone,2021-06-22,23.5,6.1,0.0,18.8,18
yellowstone,2021-06-23,21.4,7.8,0.1,20.0,57
yellowstone,2021-06-24,19.8,5.8,4.2,13.3,67
yellowstone,2021-06-25,16.1,3.9,2.2,12.9,32
yellowstone,2021-06-26,16.5,4.6,0.2,18.7,44
yellowstone,2021-06-27,18.9,5.3,0.0,18.8,51
yellowstone,2021-06-28,22.6,5.4,0.0,9.9,5
yellowstone,2021-06-29,23.8,5.6,0.0,16.2,10
yellowstone,2021-06-30,23.7,6.4,0.3,10.4,16
yellowstone,2021-07-01,23.4,6.9,1.1,13.3,49
yellowstone,2021-07-02,23.9,6.2,1.3,15.6,43
yellowstone,2021-07-03,24.3,6.9,1.7,11.7,26
yellowstone,2021-07-04,23.9,8.6,2.9,15.5,49
yellowstone,2021-07-05,18.1,9.5,11.1,11.9,68
yellowstone,2021-07-06,23.1,6.3,0.0,15.5,14
yellowstone,2021-07-07,24.8,7.6,0.6,18.3,32
yellowstone,2021-07-08,24.1,9.5,0.0,20.8,4
yellowstone,2021-07-09,23.6,7.9,0.0,23.4,5
yellowstone,2021-07-10,24.7,5.2,0.0,10.9,0
yellowstone,2021-07-11,26.4,7.0,0.0,18.4,21
yellowstone,2021-07-12,26.5,9.1,0.0,15.8,12
yellowstone,2021-07-13,22.2,10.1,2.0,20.9,32
yellowstone,2021-07-14,23.0,4.7,0.1,11.9,6
yellowstone,2021-07-15,24.1,8.6,0.9,17.1,44
yellowstone,2021-07-16,23.7,8.6,0.2,16.0,34
yellowstone,2021-07-17,24.5,8.5,0.0,15.2,20
yellowstone,2021-07-18,26.7,8.8,0.0,11.8,30
yellowstone,2021-07-19,27.4,10.5,0.5,19.9,67
yellowstone,2021-07-20,22.9,11.9,3.0,15.8,69
yellowstone,2021-07-21,23.7,7.7,0.2,16.3,19
yellowstone,2021-07-22,23.4,11.9,2.5,14.8,62
yellowstone,2021-07-23,23.4,8.5,0.0,18.2,9
yellowstone,2021-07-24,25.9,6.5,0.0,10.6,5
yellowstone,2021-07-25,26.4,8.8,0.0,11.0,2
yellowstone,2021-07-26,26.8,8.5,0.0,8.6,25
yellowstone,2021-07-27,27.4,9.5,0.0,13.2,59
yellowstone,2021-07-28,24.7,13.1,4.3,14.7,82
yellowstone,2021-07-29,23.3,11.1,4.6,10.0,77
yellowstone,2021-07-30,22.8,9.5,0.2,13.0,84
yellowstone,2021-07-31,21.0,11.4,0.3,16.1,82
yellowstone,2021-08-01,24.8,11.4,0.0,12.1,74
yellowstone,2021-08-02,19.2,11.5,10.8,15.0,78
yellowstone,2021-08-03,20.2,10.2,6.4,12.4,76
yellowstone,2021-08-04,22.5,8.9,0.0,19.7,32
yellowstone,2021-08-05,21.8,9.5,1.0,16.6,60
yellowstone,2021-08-06,18.2,8.0,5.6,17.9,92
yellowstone,2021-08-07,19.3,6.2,0.1,18.8,36
yellowstone,2021-08-08,21.7,7.2,0.5,28.8,21
yellowstone,2021-08-09,16.6,5.4,0.2,19.0,14
yellowstone,2021-08-10,19.6,3.8,0.0,19.5,37
yellowstone,2021-08-11,23.6,6.6,0.0,15.6,63
yellowstone,2021-08-12,24.6,7.2,0.0,11.4,5
yellowstone,2021-08-13,25.4,8.3,0.0,12.8,8
yellowstone,2021-08-14,26.1,9.6,0.2,12.5,30
yellowstone,2021-08-15,24.9,9.0,0.0,14.4,1
yellowstone,2021-08-16,24.6,9.3,0.3,18.8,37
yellowstone,2021-08-17,22.7,11.4,0.2,26.7,41
yellowstone,2021-08-18,13.6,7.8,8.4,10.5,90
yellowstone,2021-08-19,13.0,5.0,11.5,17.1,98
yellowstone,2021-08-20,11.5,2.0,7.8,16.5,81
yellowstone,2021-08-21,14.6,5.3,4.5,18.1,86
yellowstone,2021-08-22,13.8,4.3,6.2,21.8,44
yellowstone,2021-08-23,18.3,6.2,1.0,25.2,7
yellowstone,2021-08-24,18.3,5.5,0.2,18.9,17
yellowstone,2021-08-25,19.6,8.0,0.9,18.6,32
yellowstone,2021-08-26,16.5,5.9,0.0,18.9,64
yellowstone,2021-08-27,15.3,6.3,0.5,25.1,51
yellowstone,2021-08-28,14.7,3.5,1.0,14.3,27
yellowstone,2021-08-29,19.7,3.6,0.0,12.5,0
yellowstone,2021-08-30,20.4,4.6,0.3,16.5,11
yellowstone,2021-08-31,20.1,6.6,0.0,26.2,1
yellowstone,2021-09-01,19.3,5.5,1.3,17.0,33
yellowstone,2021-09-02,17.8,3.9,0.4,18.0,11
yellowstone,2021-09-03,15.6,3.6,1.9,15.2,19
yellowstone,2021-09-04,17.2,3.1,0.0,15.9,10
yellowstone,2021-09-05,20.7,4.1,0.0,15.2,17
yellowstone,2021-09-06,21.2,5.5,0.0,21.5,9
yellowstone,2021-09-07,22.1,6.3,0.0,12.8,37
yellowstone,2021-09-08,23.8,5.1,0.0,14.4,37
yellowstone,2021-09-09,24.2,7.6,0.0,19.2,11
yellowstone,2021-09-10,21.6,8.4,0.6,20.7,72
yellowstone,2021-09-11,15.1,8.0,4.3,21.3,54
yellowstone,2021-09-12,17.0,4.8,0.2,19.1,29
yellowstone,2021-09-13,15.3,4.9,0.2,16.0,39
yellowstone,2021-09-14,16.2,5.9,0.0,15.7,15
yellowstone,2021-09-15,16.8,3.5,0.0,23.2,15
yellowstone,2021-09-16,14.5,2.7,0.3,24.4,27
yellowstone,2021-09-17,16.3,1.5,0.0,24.6,6
yellowstone,2021-09-18,15.9,6.6,1.2,30.3,18
yellowstone,2021-09-19,8.0,0.0,15.7,16.7,79
yellowstone,2021-09-20,5.7,-2.0,2.4,17.1,56
yellowstone,2021-09-21,11.1,-3.7,0.0,13.4,11
yellowstone,2021-09-22,14.7,-1.0,0.0,17.0,55
yellowstone,2021-09-23,13.6,3.5,0.4,12.4,37
yellowstone,2021-09-24,15.5,0.1,0.0,10.2,8
yellowstone,2021-09-25,16.8,2.5,0.0,17.4,5
yellowstone,2021-09-26,18.0,3.7,0.0,17.8,5
yellowstone,2021-09-27,18.3,3.8,0.0,17.8,2
yellowstone,2021-09-28,13.1,0.6,0.2,21.8,43
yellowstone,2021-09-29,9.4,-2.8,0.0,10.3,55
yellowstone,2021-09-30,12.1,-1.9,0.0,7.3,0
yellowstone,2021-10-01,14.0,3.1,0.0,10.0,35
yellowstone,2021-10-02,13.9,1.2,0.0,14.0,6
yellowstone,2021-10-03,15.1,0.5,0.0,12.9,15
yellowstone,2021-10-04,15.5,0.5,0.0,17.1,10
yellowstone,2021-10-05,16.9,3.1,0.0,12.7,34
yellowstone,2021-10-06,12.6,4.4,1.8,14.3,89
yellowstone,2021-10-07,7.7,3.1,3.5,15.8,91
yellowstone,2021-10-08,7.7,2.0,13.3,10.5,98
yellowstone,2021-10-09,5.2,0.7,10.7,15.1,94
yellowstone,2021-10-10,4.9,-1.2,0.2,17.4,68
yellowstone,2021-10-11,2.0,-7.2,15.9,18.1,98
yellowstone,2021-10-12,-2.1,-10.0,2.3,16.5,98
yellowstone,2021-10-13,-3.9,-12.0,1.4,17.4,100
yellowstone,2021-10-14,-3.6,-7.0,0.5,17.9,95
yellowstone,2021-10-15,-0.1,-8.7,0.0,19.5,73
yellowstone,2021-10-16,5.6,-7.4,0.0,11.6,17
yellowstone,2021-10-17,8.3,-5.8,0.0,13.8,30
yellowstone,2021-10-18,7.3,-4.2,0.0,16.2,75
yellowstone,2021-10-19,4.2,-3.5,0.0,13.8,83
yellowstone,2021-10-20,5.2,-5.2,0.0,15.5,69
yellowstone,2021-10-21,6.9,-4.1,0.1,18.7,63
yellowstone,2021-10-22,10.8,-4.0,0.0,12.7,37
yellowstone,2021-10-23,2.2,-2.2,1.1,15.7,96
yellowstone,2021-10-24,4.9,-2.0,1.7,23.1,99
yellowstone,2021-10-25,7.9,0.9,15.6,17.2,100
yellowstone,2021-10-26,0.7,-5.5,6.0,18.8,75
yellowstone,2021-10-27,0.5,-5.4,0.8,26.1,77
yellowstone,2021-10-28,3.7,-7.8,0.0,14.5,89
yellowstone,2021-10-29,6.8,1.0,0.0,19.4,81
yellowstone,2021-10-30,5.9,-4.0,2.3,14.8,56
yellowstone,2021-10-31,5.9,-6.1,0.0,12.9,71
yellowstone,2021-11-01,4.9,-5.1,0.4,11.2,90
yellowstone,2021-11-02,2.9,-2.6,1.3,10.9,96
yellowstone,2021-11-03,5.6,-1.5,0.0,10.9,92
yellowstone,2021-11-04,7.4,-2.2,2.1,20.9,79
yellowstone,2021-11-05,4.0,-1.4,0.4,22.0,81
yellowstone,2021-11-06,3.5,-1.0,5.1,22.0,99
yellowstone,2021-11-07,-0.9,-8.4,2.0,20.6,82
yellowstone,2021-11-08,-1.9,-13.3,0.0,10.1,68
yellowstone,2021-11-09,0.8,-10.9,3.7,19.5,91
yellowstone,2021-11-10,-1.7,-9.7,0.7,23.1,53
yellowstone,2021-11-11,-3.1,-15.2,1.9,16.6,84
yellowstone,2021-11-12,1.3,-4.2,0.7,14.0,100
yellowstone,2021-11-13,2.2,-0.5,1.3,20.5,97
yellowstone,2021-11-14,2.8,0.3,1.9,19.7,100
yellowstone,2021-11-15,5.7,-1.0,0.0,26.8,96
yellowstone,2021-11-16,3.5,-12.2,1.2,31.7,61
yellowstone,2021-11-17,-7.2,-18.4,0.0,13.9,27
yellowstone,2021-11-18,-1.6,-16.4,0.0,13.8,94
yellowstone,2021-11-19,-0.8,-4.3,3.0,17.8,100
yellowstone,2021-11-20,-1.9,-7.8,0.8,15.6,81
yellowstone,2021-11-21,-3.3,-11.4,0.0,12.3,86
yellowstone,2021-11-22,1.9,-12.9,0.0,13.5,42
yellowstone,2021-11-23,-1.4,-13.0,4.1,22.2,63
yellowstone,2021-11-24,-5.7,-13.5,1.8,15.2,84
yellowstone,2021-11-25,-4.0,-11.3,0.0,13.3,96
yellowstone,2021-11-26,-0.7,-11.4,0.0,10.9,98
yellowstone,2021-11-27,0.5,-12.4,0.1,11.4,82
yellowstone,2021-11-28,2.2,-8.4,0.0,17.2,94
yellowstone,2021-11-29,2.4,-10.6,0.9,14.7,82
yellowstone,2021-11-30,-1.7,-8.6,0.0,16.8,100
yellowstone,2021-12-01,2.3,-5.9,0.0,15.3,99
yellowstone,2021-12-02,3.1,-1.7,0.0,12.5,100
yellowstone,2021-12-03,2.0,-8.1,0.0,12.9,98
yellowstone,2021-12-04,1.2,-6.8,0.0,30.4,98
yellowstone,2021-12-05,-1.6,-19.2,3.8,28.0,74
yellowstone,2021-12-06,-5.9,-20.0,2.0,18.9,98
yellowstone,2021-12-07,-4.4,-6.4,1.0,19.2,100
yellowstone,2021-12-08,-2.5,-6.1,3.0,28.2,100
yellowstone,2021-12-09,-5.3,-13.7,1.6,24.6,96
yellowstone,2021-12-10,-11.3,-17.8,0.9,19.8,75
yellowstone,2021-12-11,-8.5,-15.1,1.3,23.0,100
yellowstone,2021-12-12,-4.2,-8.0,4.0,26.1,100
yellowstone,2021-12-13,-1.6,-5.6,5.5,15.2,99
yellowstone,2021-12-14,0.1,-4.1,14.8,17.4,100
yellowstone,2021-12-15,-4.1,-14.4,4.5,20.3,96
yellowstone,2021-12-16,-9.6,-14.4,2.4,14.9,100
yellowstone,2021-12-17,-11.0,-20.7,1.3,18.2,57
yellowstone,2021-12-18,-9.3,-20.7,0.0,12.7,86
yellowstone,2021-12-19,-4.9,-16.6,0.8,16.9,88
yellowstone,2021-12-20,-3.8,-6.1,1.9,26.6,98
yellowstone,2021-12-21,-4.4,-9.5,0.0,27.2,92
yellowstone,2021-12-22,-4.5,-10.8,1.9,20.6,99
yellowstone,2021-12-23,-3.3,-5.6,9.1,30.2,99
yellowstone,2021-12-24,-4.5,-8.6,8.6,29.6,100
yellowstone,2021-12-25,-7.6,-11.0,4.3,23.2,100
yellowstone,2021-12-26,-7.3,-15.6,5.9,28.8,99
yellowstone,2021-12-27,-11.6,-16.0,4.7,21.3,99
yellowstone,2021-12-28,-16.7,-19.7,0.6,18.3,99
yellowstone,2021-12-29,-13.4,-18.6,4.0,16.9,100
yellowstone,2021-12-30,-10.7,-15.1,6.3,25.7,100
yellowstone,2021-12-31,-12.3,-20.8,1.4,16.7,95
yellowstone,2022-01-01,-17.0,-27.0,0.0,11.7,24
yellowstone,2022-01-02,-11.3,-22.3,0.0,10.1,88
yellowstone,2022-01-03,-6.0,-15.3,0.5,16.4,80
yellowstone,2022-01-04,-7.6,-13.4,4.8,22.9,82
yellowstone,2022-01-05,-8.5,-15.6,6.8,20.3,98
yellowstone,2022-01-06,-3.2,-15.4,7.7,20.0,100
yellowstone,2022-01-07,-1.5,-5.0,5.6,28.0,100
yellowstone,2022-01-08,-4.8,-10.9,3.4,24.6,92
yellowstone,2022-01-09,-7.8,-15.0,0.0,10.1,82
yellowstone,2022-01-10,-4.4,-14.9,0.0,8.5,41
yellowstone,2022-01-11,-5.7,-17.8,0.0,10.2,73
yellowstone,2022-01-12,-2.1,-10.6,0.0,10.8,88
yellowstone,2022-01-13,-1.4,-10.9,0.0,10.2,81
yellowstone,2022-01-14,-3.3,-11.5,0.0,15.1,40
yellowstone,2022-01-15,-4.2,-15.1,0.0,9.3,97
yellowstone,2022-01-16,-2.9,-14.9,0.0,8.6,75
yellowstone,2022-01-17,-2.4,-13.5,0.0,8.8,82
yellowstone,2022-01-18,-4.4,-14.0,0.1,10.8,82
yellowstone,2022-01-19,-6.3,-10.3,0.7,12.3,99
yellowstone,2022-01-20,-8.8,-11.5,3.3,13.0,100
yellowstone,2022-01-21,-4.5,-12.7,0.7,11.9,93
yellowstone,2022-01-22,-4.7,-16.4,0.0,7.8,59
yellowstone,2022-01-23,-4.2,-15.0,0.0,8.7,72
yellowstone,2022-01-24,-7.2,-17.3,1.1,9.6,87
yellowstone,2022-01-25,-7.2,-15.7,0.0,12.6,59
yellowstone,2022-01-26,-7.3,-18.1,0.0,9.7,62
yellowstone,2022-01-27,-8.2,-18.2,0.1,10.3,37
yellowstone,2022-01-28,-5.2,-20.9,0.0,10.0,47
yellowstone,2022-01-29,-4.5,-17.9,0.0,9.8,68
yellowstone,2022-01-30,-2.7,-17.5,0.0,7.8,67
yellowstone,2022-01-31,-8.7,-15.2,2.1,24.1,81
yellowstone,2022-02-01,-12.2,-18.9,0.8,14.1,80
yellowstone,2022-02-02,-14.0,-23.6,0.4,13.5,71
yellowstone,2022-02-03,-11.5,-23.3,0.6,12.0,88
yellowstone,2022-02-04,-8.1,-16.1,0.4,14.0,92
yellowstone,2022-02-05,-7.4,-11.2,3.2,18.9,98
yellowstone,2022-02-06,-4.3,-14.0,0.3,12.2,56
yellowstone,2022-02-07,-2.2,-16.5,0.0,12.3,29
yellowstone,2022-02-08,-2.7,-16.0,0.0,13.2,54
yellowstone,2022-02-09,-1.7,-9.0,0.4,13.9,98
yellowstone,2022-02-10,-1.1,-5.4,0.0,20.9,100
yellowstone,2022-02-11,-4.4,-13.8,0.8,22.1,85
yellowstone,2022-02-12,-2.0,-16.4,0.0,9.7,42
yellowstone,2022-02-13,-0.1,-15.3,0.0,10.7,8
yellowstone,2022-02-14,0.4,-12.7,0.0,16.8,77
yellowstone,2022-02-15,-3.0,-11.2,3.9,11.1,94
yellowstone,2022-02-16,-5.7,-14.6,2.4,15.2,67
yellowstone,2022-02-17,-7.2,-17.7,1.4,18.6,76
yellowstone,2022-02-18,-2.9,-10.0,1.6,17.7,97
yellowstone,2022-02-19,-3.2,-7.2,0.0,24.8,94
yellowstone,2022-02-20,-2.6,-6.4,2.3,25.5,100
yellowstone,2022-02-21,-6.8,-18.2,4.3,16.3,94
yellowstone,2022-02-22,-13.1,-21.9,1.2,11.6,89
yellowstone,2022-02-23,-9.9,-24.8,0.0,9.1,25
yellowstone,2022-02-24,-13.8,-25.6,1.0,12.8,80
yellowstone,2022-02-25,-12.2,-21.5,0.0,14.0,61
yellowstone,2022-02-26,-8.4,-22.8,0.0,8.9,52
yellowstone,2022-02-27,-4.5,-18.2,0.0,12.7,68
yellowstone,2022-02-28,-1.1,-13.7,0.0,17.7,98
yellowstone,2022-03-01,2.4,-6.0,1.5,14.8,99
yellowstone,2022-03-02,4.9,-6.4,0.0,14.4,96
yellowstone,2022-03-03,7.3,-4.2,0.0,15.3,100
yellowstone,2022-03-04,4.6,-6.6,1.5,11.9,91
yellowstone,2022-03-05,-3.0,-12.2,2.0,13.2,93
yellowstone,2022-03-06,-7.9,-18.4,0.1,15.9,35
yellowstone,2022-03-07,-7.3,-21.0,0.7,16.3,43
yellowstone,2022-03-08,-7.2,-16.0,3.5,12.0,95
yellowstone,2022-03-09,-13.9,-23.9,0.0,11.9,37
yellowstone,2022-03-10,-12.5,-27.7,0.0,14.5,36
yellowstone,2022-03-11,-6.4,-22.7,0.7,17.2,93
yellowstone,2022-03-12,-0.5,-10.3,1.1,18.7,62
yellowstone,2022-03-13,-2.1,-8.3,5.5,24.3,84
yellowstone,2022-03-14,-0.9,-8.1,0.0,17.1,93
yellowstone,2022-03-15,1.6,-7.8,2.3,20.7,85
yellowstone,2022-03-16,-1.9,-10.8,3.6,15.6,67
yellowstone,2022-03-17,-1.4,-15.3,0.0,11.4,10
yellowstone,2022-03-18,-0.8,-11.7,1.5,18.7,70
yellowstone,2022-03-19,3.3,-9.9,0.0,16.2,95
yellowstone,2022-03-20,-1.5,-8.2,7.2,15.9,97
yellowstone,2022-03-21,-1.2,-16.1,0.0,17.4,24
yellowstone,2022-03-22,1.4,-11.4,0.0,15.0,53
yellowstone,2022-03-23,5.7,-11.8,0.0,12.3,44
yellowstone,2022-03-24,5.1,-7.3,0.5,19.4,43
yellowstone,2022-03-25,5.8,-6.8,0.0,14.7,86
yellowstone,2022-03-26,8.2,-3.7,0.0,16.7,98
yellowstone,2022-03-27,10.5,-2.6,0.0,11.3,99
yellowstone,2022-03-28,9.2,-1.7,0.0,18.9,89
yellowstone,2022-03-29,2.9,-7.5,0.0,22.6,58
yellowstone,2022-03-30,4.5,-12.8,0.0,14.8,15
yellowstone,2022-03-31,-0.8,-7.1,7.0,17.7,85
yellowstone,2022-04-01,-0.3,-13.2,0.0,16.0,43
yellowstone,2022-04-02,3.0,-9.0,2.2,28.1,55
yellowstone,2022-04-03,2.3,-13.4,0.0,15.1,36
yellowstone,2022-04-04,-0.7,-7.9,8.2,32.6,82
yellowstone,2022-04-05,-3.8,-11.1,2.3,28.4,62
yellowstone,2022-04-06,-1.6,-14.6,0.0,19.8,30
yellowstone,2022-04-07,4.3,-13.3,0.0,11.2,17
yellowstone,2022-04-08,8.8,-8.5,0.0,14.5,45
yellowstone,2022-04-09,1.9,-8.4,0.7,20.3,69
yellowstone,2022-04-10,-6.3,-13.5,2.7,22.6,85
yellowstone,2022-04-11,-3.5,-14.2,9.7,15.8,100
yellowstone,2022-04-12,-7.5,-16.0,6.2,15.8,99
yellowstone,2022-04-13,-8.9,-21.5,0.2,19.1,53
yellowstone,2022-04-14,-4.1,-17.4,6.7,21.9,94
yellowstone,2022-04-15,-3.7,-10.0,5.6,26.5,83
yellowstone,2022-04-16,3.8,-11.6,4.5,27.7,99
yellowstone,2022-04-17,-3.4,-9.4,4.5,25.6,99
yellowstone,2022-04-18,7.1,-10.0,0.0,17.6,100
yellowstone,2022-04-19,1.2,-4.5,9.8,25.5,98
yellowstone,2022-04-20,0.2,-7.1,1.5,21.7,85
yellowstone,2022-04-21,5.2,-5.5,1.8,17.1,97
yellowstone,2022-04-22,3.1,-3.3,8.4,19.5,100
yellowstone,2022-04-23,0.2,-5.3,2.7,24.2,100
yellowstone,2022-04-24,1.7,-7.1,0.6,9.6,80
yellowstone,2022-04-25,4.7,-8.9,0.0,14.8,45
yellowstone,2022-04-26,7.1,-5.9,0.5,24.1,72
yellowstone,2022-04-27,6.6,-5.4,5.2,16.6,81
yellowstone,2022-04-28,5.4,-5.7,4.8,11.1,86
yellowstone,2022-04-29,1.2,-4.1,2.2,17.3,96
yellowstone,2022-04-30,5.3,-8.8,1.0,7.9,67
yellowstone,2022-05-01,4.4,-2.8,3.6,9.7,100
yellowstone,2022-05-02,7.1,-2.2,0.2,10.9,79
yellowstone,2022-05-03,4.5,-3.5,4.6,13.9,92
yellowstone,2022-05-04,8.9,-2.4,0.0,12.2,45
yellowstone,2022-05-05,9.9,-3.6,0.9,17.6,55
yellowstone,2022-05-06,6.9,0.1,4.1,26.5,81
yellowstone,2022-05-07,3.0,-3.7,3.7,30.3,70
yellowstone,2022-05-08,1.2,-5.6,4.1,18.8,86
yellowstone,2022-05-09,-3.1,-8.5,2.0,25.5,81
yellowstone,2022-05-10,2.5,-13.0,1.2,18.6,54
yellowstone,2022-05-11,6.8,-8.0,0.4,14.1,44
yellowstone,2022-05-12,2.7,-2.3,11.0,20.0,85
yellowstone,2022-05-13,4.6,-4.7,3.2,34.5,73
yellowstone,2022-05-14,5.6,-2.2,4.0,23.8,86
yellowstone,2022-05-15,12.7,-4.5,0.0,10.5,50
yellowstone,2022-05-16,13.6,0.3,2.7,14.2,98
yellowstone,2022-05-17,11.5,-2.0,0.4,17.3,46
yellowstone,2022-05-18,10.1,-2.7,1.2,24.0,86
yellowstone,2022-05-19,4.8,-4.9,1.3,26.9,89
yellowstone,2022-05-20,1.2,-7.1,2.2,18.4,64
yellowstone,2022-05-21,3.7,-10.2,0.2,10.9,73
yellowstone,2022-05-22,3.2,-7.3,4.0,9.0,86
yellowstone,2022-05-23,6.1,-9.0,0.0,12.4,41
yellowstone,2022-05-24,6.3,-5.6,0.1,10.7,68
yellowstone,2022-05-25,11.6,-5.0,0.0,18.5,73
yellowstone,2022-05-26,16.0,-2.1,0.6,12.4,42
yellowstone,2022-05-27,12.9,2.2,5.8,22.7,93
yellowstone,2022-05-28,4.4,1.3,14.1,12.9,100
yellowstone,2022-05-29,5.6,-0.5,9.5,14.1,100
yellowstone,2022-05-30,5.2,-1.5,18.7,21.3,100
yellowstone,2022-05-31,6.9,-2.9,0.3,12.0,98
yellowstone,2022-06-01,8.2,-4.0,1.6,9.4,47
yellowstone,2022-06-02,12.4,-2.2,0.0,10.0,68
yellowstone,2022-06-03,13.3,-0.5,0.1,14.1,70
yellowstone,2022-06-04,11.3,-0.1,3.4,15.9,97
yellowstone,2022-06-05,8.9,1.2,5.0,16.6,100
yellowstone,2022-06-06,9.1,-0.7,12.0,15.8,83
yellowstone,2022-06-07,9.4,-2.1,3.0,16.7,32
yellowstone,2022-06-08,10.3,-2.4,0.1,13.8,85
yellowstone,2022-06-09,14.2,0.1,0.3,14.9,89
yellowstone,2022-06-10,17.5,2.1,0.0,20.9,87
yellowstone,2022-06-11,14.9,2.2,3.6,21.1,77
yellowstone,2022-06-12,8.4,1.7,20.9,19.9,96
yellowstone,2022-06-13,6.2,-1.8,7.3,24.0,72
yellowstone,2022-06-14,3.0,-2.9,4.0,29.9,76
yellowstone,2022-06-15,9.2,-3.8,0.0,22.6,34
yellowstone,2022-06-16,20.3,-3.6,0.0,14.4,3
yellowstone,2022-06-17,21.2,4.7,1.7,22.8,37
yellowstone,2022-06-18,19.3,2.9,0.0,23.0,46
yellowstone,2022-06-19,13.2,1.2,3.1,13.7,84
yellowstone,2022-06-20,7.1,-2.5,7.5,22.6,68
yellowstone,2022-06-21,14.7,-2.8,0.0,12.7,16
yellowstone,2022-06-22,18.6,-0.4,0.0,17.4,6
yellowstone,2022-06-23,19.6,2.4,0.3,20.8,27
yellowstone,2022-06-24,16.0,3.1,3.4,22.7,68
yellowstone,2022-06-25,15.8,-1.9,0.0,12.8,2
yellowstone,2022-06-26,18.7,-0.7,0.0,11.3,0
yellowstone,2022-06-27,20.6,1.3,0.1,15.5,11
yellowstone,2022-06-28,22.4,4.5,1.6,19.8,25
yellowstone,2022-06-29,19.9,7.0,0.3,28.7,18
yellowstone,2022-06-30,19.3,1.4,0.0,16.9,5
yellowstone,2022-07-01,20.4,2.6,0.8,16.0,35
yellowstone,2022-07-02,20.9,4.9,0.4,11.5,33
yellowstone,2022-07-03,20.6,7.7,2.8,25.3,53
yellowstone,2022-07-04,19.7,5.6,0.2,19.9,40
yellowstone,2022-07-05,21.2,4.7,0.4,18.9,14
yellowstone,2022-07-06,22.6,5.7,0.7,17.4,22
yellowstone,2022-07-07,22.9,6.9,1.1,19.1,40
yellowstone,2022-07-08,24.5,6.2,0.0,20.1,26
yellowstone,2022-07-09,25.0,7.8,0.4,24.2,55
yellowstone,2022-07-10,21.2,7.5,1.0,22.8,14
yellowstone,2022-07-11,22.5,4.2,0.0,12.4,5
yellowstone,2022-07-12,25.0,5.6,0.0,9.9,3
yellowstone,2022-07-13,25.0,8.2,4.3,23.9,43
yellowstone,2022-07-14,25.0,7.4,0.0,20.7,43
yellowstone,2022-07-15,24.2,7.9,0.2,16.3,83
yellowstone,2022-07-16,24.2,7.1,0.2,18.4,16
yellowstone,2022-07-17,25.2,7.7,2.1,17.8,43
yellowstone,2022-07-18,24.4,10.1,1.4,35.5,36
yellowstone,2022-07-19,22.6,4.6,0.0,14.8,0
yellowstone,2022-07-20,24.3,8.6,0.0,22.7,10
yellowstone,2022-07-21,23.8,9.3,0.0,19.9,18
yellowstone,2022-07-22,25.2,7.5,0.0,24.8,19
yellowstone,2022-07-23,22.8,6.1,0.0,15.3,13
yellowstone,2022-07-24,23.8,7.4,0.0,19.4,16
yellowstone,2022-07-25,22.7,4.4,0.0,14.8,23
yellowstone,2022-07-26,23.0,8.0,0.2,15.1,23
yellowstone,2022-07-27,25.0,8.0,0.2,11.9,23
yellowstone,2022-07-28,24.2,7.5,0.0,14.7,26
yellowstone,2022-07-29,24.9,8.5,0.8,11.2,36
yellowstone,2022-07-30,25.6,8.4,0.0,15.8,11
yellowstone,2022-07-31,25.7,8.2,0.0,20.2,12
yellowstone,2022-08-01,25.9,9.2,0.5,15.2,55
yellowstone,2022-08-02,19.6,10.6,5.3,17.6,89
yellowstone,2022-08-03,21.9,6.4,0.0,15.8,13
yellowstone,2022-08-04,23.5,8.3,3.5,21.5,18
yellowstone,2022-08-05,16.7,9.3,3.6,15.3,95
yellowstone,2022-08-06,12.4,8.0,16.1,8.4,95
yellowstone,2022-08-07,20.4,7.5,0.1,11.3,38
yellowstone,2022-08-08,23.0,6.9,0.0,12.6,0
yellowstone,2022-08-09,25.0,6.7,0.0,16.9,9
yellowstone,2022-08-10,26.4,9.5,0.0,16.3,42
yellowstone,2022-08-11,23.6,10.8,0.1,11.5,57
yellowstone,2022-08-12,24.7,10.3,4.5,11.6,74
yellowstone,2022-08-13,24.0,8.4,4.8,14.7,77
yellowstone,2022-08-14,22.0,6.9,0.0,12.3,86
yellowstone,2022-08-15,23.0,7.1,0.0,8.6,11
yellowstone,2022-08-16,24.5,8.5,1.0,17.8,17
yellowstone,2022-08-17,24.9,8.7,0.0,11.0,13
yellowstone,2022-08-18,25.2,9.2,0.1,11.7,19
yellowstone,2022-08-19,24.9,9.1,3.9,11.8,37
yellowstone,2022-08-20,22.6,9.6,0.0,10.2,57
yellowstone,2022-08-21,22.9,8.6,5.1,10.3,37
yellowstone,2022-08-22,22.0,7.3,3.3,10.7,38
yellowstone,2022-08-23,21.9,6.4,0.1,11.9,20
yellowstone,2022-08-24,24.0,9.5,1.5,12.9,39
yellowstone,2022-08-25,22.3,9.3,2.5,16.1,78
yellowstone,2022-08-26,20.2,7.3,0.0,21.1,18
yellowstone,2022-08-27,19.3,6.3,0.2,31.3,48
yellowstone,2022-08-28,18.0,5.9,0.0,23.8,67
yellowstone,2022-08-29,22.1,5.2,0.0,12.4,28
yellowstone,2022-08-30,24.0,7.2,0.0,13.0,6
yellowstone,2022-08-31,25.1,8.2,0.0,13.4,14
yellowstone,2022-09-01,24.5,9.4,0.0,20.9,17
yellowstone,2022-09-02,25.0,8.6,0.0,12.6,0
yellowstone,2022-09-03,26.9,10.6,0.0,13.4,0
yellowstone,2022-09-04,25.3,10.7,0.0,20.9,1
yellowstone,2022-09-05,25.1,8.3,0.0,19.6,21
yellowstone,2022-09-06,25.4,8.5,0.0,17.1,8
yellowstone,2022-09-07,26.9,10.4,0.1,21.3,19
yellowstone,2022-09-08,16.1,6.3,21.2,20.3,67
yellowstone,2022-09-09,12.3,1.3,0.0,15.6,19
yellowstone,2022-09-10,16.9,-1.3,0.0,9.6,10
yellowstone,2022-09-11,21.6,1.8,0.0,13.0,0
yellowstone,2022-09-12,22.5,4.5,0.0,13.5,43
yellowstone,2022-09-13,18.7,8.7,0.2,15.0,92
yellowstone,2022-09-14,13.2,6.5,5.8,7.7,99
yellowstone,2022-09-15,14.6,4.0,5.3,8.7,90
yellowstone,2022-09-16,9.5,1.3,8.3,13.9,80
yellowstone,2022-09-17,12.5,-0.7,1.4,12.9,71
yellowstone,2022-09-18,15.1,0.2,1.8,18.4,41
yellowstone,2022-09-19,16.5,5.4,0.0,23.8,2
yellowstone,2022-09-20,17.5,4.1,1.2,22.5,11
yellowstone,2022-09-21,18.5,4.5,2.4,20.0,48
yellowstone,2022-09-22,8.0,3.4,6.8,23.5,89
yellowstone,2022-09-23,12.0,1.1,0.6,19.5,45
yellowstone,2022-09-24,13.7,0.4,0.0,15.4,12
yellowstone,2022-09-25,16.9,3.3,0.0,10.1,41
yellowstone,2022-09-26,19.0,4.0,0.0,7.7,4
yellowstone,2022-09-27,19.0,3.1,0.0,11.1,18
yellowstone,2022-09-28,18.4,3.6,0.0,10.7,23
yellowstone,2022-09-29,12.5,4.9,2.3,16.0,93
yellowstone,2022-09-30,9.9,1.2,0.8,14.7,65
yellowstone,2022-10-01,10.0,1.6,5.8,11.3,94
yellowstone,2022-10-02,8.6,-0.7,5.2,14.3,89
yellowstone,2022-10-03,9.1,-2.1,0.3,10.9,37
yellowstone,2022-10-04,14.1,-2.4,0.0,11.4,11
yellowstone,2022-10-05,15.0,0.3,0.0,8.3,34
yellowstone,2022-10-06,15.0,1.6,0.2,10.0,40
yellowstone,2022-10-07,13.7,-0.1,0.0,11.5,31
yellowstone,2022-10-08,14.0,-0.3,0.0,8.8,31
yellowstone,2022-10-09,14.5,1.5,0.0,13.0,24
yellowstone,2022-10-10,13.2,1.0,0.0,19.8,14
yellowstone,2022-10-11,9.4,1.4,0.5,21.7,44
yellowstone,2022-10-12,11.4,-0.5,0.0,21.6,12
yellowstone,2022-10-13,12.4,-2.7,0.0,11.7,4
yellowstone,2022-10-14,12.5,-1.0,0.0,13.8,29
yellowstone,2022-10-15,9.5,-0.1,0.0,14.3,25
yellowstone,2022-10-16,13.8,-2.0,0.0,9.7,15
yellowstone,2022-10-17,15.8,0.5,0.0,7.6,12
yellowstone,2022-10-18,15.7,1.0,0.0,10.2,1
yellowstone,2022-10-19,15.5,-0.1,0.0,10.6,5
yellowstone,2022-10-20,12.6,-0.4,0.0,17.7,10
yellowstone,2022-10-21,10.1,0.7,3.9,32.4,72
yellowstone,2022-10-22,2.0,-3.3,31.4,25.6,100
yellowstone,2022-10-23,-3.6,-8.4,1.9,18.4,100
yellowstone,2022-10-24,-3.7,-9.7,0.9,19.2,82
yellowstone,2022-10-25,-2.0,-6.5,1.8,19.8,71
yellowstone,2022-10-26,-2.0,-9.3,1.5,11.6,100
yellowstone,2022-10-27,-3.5,-11.5,0.0,14.5,81
yellowstone,2022-10-28,1.3,-13.3,0.0,11.1,79
yellowstone,2022-10-29,2.4,-9.9,0.0,10.8,67
yellowstone,2022-10-30,2.0,-12.1,0.0,10.7,52
yellowstone,2022-10-31,3.3,-9.4,0.0,16.2,70
yellowstone,2022-11-01,6.0,-2.6,0.0,17.3,70
yellowstone,2022-11-02,0.4,-8.7,2.0,21.8,95
yellowstone,2022-11-03,-4.5,-15.0,0.0,9.3,64
yellowstone,2022-11-04,-5.5,-11.9,4.1,17.7,100
yellowstone,2022-11-05,-0.8,-9.8,10.7,36.2,67
yellowstone,2022-11-06,-4.1,-12.7,0.0,20.5,28
yellowstone,2022-11-07,0.5,-5.8,13.8,22.1,100
yellowstone,2022-11-08,0.1,-4.9,3.1,14.8,97
yellowstone,2022-11-09,-1.1,-7.4,9.6,15.6,100
yellowstone,2022-11-10,-7.2,-12.6,2.8,17.4,100
yellowstone,2022-11-11,-7.9,-15.8,0.0,8.3,47
yellowstone,2022-11-12,-2.4,-13.5,0.0,8.5,91
yellowstone,2022-11-13,-6.9,-16.8,0.0,11.1,30
yellowstone,2022-11-14,-7.6,-18.5,0.1,19.5,83
yellowstone,2022-11-15,-7.6,-13.0,0.6,12.8,90
yellowstone,2022-11-16,-6.6,-11.0,0.4,14.3,100
yellowstone,2022-11-17,-11.1,-21.2,1.6,10.8,42
yellowstone,2022-11-18,-11.7,-26.3,0.0,9.4,13
yellowstone,2022-11-19,-6.5,-20.9,0.0,9.2,28
yellowstone,2022-11-20,-5.1,-18.5,0.0,9.4,29
yellowstone,2022-11-21,-3.8,-17.0,0.0,9.9,60
yellowstone,2022-11-22,-1.8,-15.7,0.0,10.1,35
yellowstone,2022-11-23,-5.2,-9.2,4.5,14.3,99
yellowstone,2022-11-24,-2.1,-13.6,0.0,6.1,55
yellowstone,2022-11-25,1.9,-11.5,0.0,11.5,71
yellowstone,2022-11-26,-4.2,-9.6,2.7,8.9,90
yellowstone,2022-11-27,-7.0,-9.2,2.3,28.2,100
yellowstone,2022-11-28,-7.5,-18.1,4.2,23.7,88
yellowstone,2022-11-29,-13.8,-25.1,0.2,16.3,64
yellowstone,2022-11-30,-6.6,-15.6,4.5,15.0,100
yellowstone,2022-12-01,-3.9,-6.9,18.5,22.5,100
yellowstone,2022-12-02,-4.9,-15.1,9.1,23.1,74
yellowstone,2022-12-03,-6.9,-17.7,0.0,13.8,16
yellowstone,2022-12-04,-5.6,-16.1,1.7,13.2,73
yellowstone,2022-12-05,-5.9,-9.7,1.6,19.4,100
yellowstone,2022-12-06,-9.0,-10.5,0.6,18.1,100
yellowstone,2022-12-07,-6.5,-15.5,0.0,14.5,60
yellowstone,2022-12-08,-10.4,-17.3,0.0,14.0,73
yellowstone,2022-12-09,-8.4,-14.0,2.9,16.4,100
yellowstone,2022-12-10,-4.9,-13.3,0.1,15.3,86
yellowstone,2022-12-11,-3.1,-8.5,1.2,12.4,90
yellowstone,2022-12-12,-4.8,-10.5,2.2,11.9,95
yellowstone,2022-12-13,-7.2,-14.1,0.0,10.0,64
yellowstone,2022-12-14,-10.9,-14.5,1.0,11.7,100
yellowstone,2022-12-15,-11.9,-17.8,1.1,17.2,85
yellowstone,2022-12-16,-11.7,-18.4,0.2,12.5,80
yellowstone,2022-12-17,-12.8,-19.1,0.3,11.8,93
yellowstone,2022-12-18,-9.5,-15.9,0.0,15.0,93
yellowstone,2022-12-19,-11.2,-13.9,0.0,20.6,97
yellowstone,2022-12-20,-7.7,-11.2,2.7,23.7,100
yellowstone,2022-12-21,-8.1,-25.9,3.1,33.7,63
yellowstone,2022-12-22,-23.6,-34.7,0.0,8.4,48
yellowstone,2022-12-23,-11.7,-29.5,0.9,11.7,98
yellowstone,2022-12-24,-5.1,-12.8,1.1,12.1,100
yellowstone,2022-12-25,-3.9,-7.0,2.6,16.7,100
yellowstone,2022-12-26,0.2,-5.0,0.2,15.6,100
yellowstone,2022-12-27,0.4,-4.2,12.1,26.9,100
yellowstone,2022-12-28,-3.8,-8.6,4.8,23.1,100
yellowstone,2022-12-29,-8.8,-11.9,0.5,17.6,100
yellowstone,2022-12-30,-6.3,-12.0,2.4,16.0,100
yellowstone,2022-12-31,-4.6,-8.2,3.9,15.2,99
yellowstone,2023-01-01,-5.8,-10.9,0.0,12.2,99
yellowstone,2023-01-02,-5.0,-12.7,0.0,13.2,74
yellowstone,2023-01-03,-9.3,-15.3,0.8,14.7,88
yellowstone,2023-01-04,-9.9,-12.0,0.8,15.0,100
yellowstone,2023-01-05,-3.8,-13.4,0.3,9.5,88
yellowstone,2023-01-06,-2.9,-6.3,1.2,10.7,98
yellowstone,2023-01-07,-4.3,-9.4,0.0,12.0,94
yellowstone,2023-01-08,-2.5,-10.9,0.2,18.8,90
yellowstone,2023-01-09,-3.1,-11.3,1.4,19.0,95
yellowstone,2023-01-10,-2.1,-7.8,1.5,13.2,100
yellowstone,2023-01-11,-3.5,-7.5,5.3,15.1,100
yellowstone,2023-01-12,-3.5,-8.3,0.0,16.5,98
yellowstone,2023-01-13,0.9,-7.5,0.0,9.7,100
yellowstone,2023-01-14,-1.4,-6.7,1.2,15.5,94
yellowstone,2023-01-15,-1.5,-7.3,1.9,7.1,100
yellowstone,2023-01-16,-4.5,-11.2,2.1,10.7,99
yellowstone,2023-01-17,-6.3,-16.9,0.0,11.2,75
yellowstone,2023-01-18,-8.7,-19.7,0.0,11.2,57
yellowstone,2023-01-19,-7.7,-13.8,0.4,9.6,100
yellowstone,2023-01-20,-7.0,-17.7,0.0,10.5,51
yellowstone,2023-01-21,-8.9,-18.2,0.0,8.4,41
yellowstone,2023-01-22,-8.4,-15.8,0.6,11.8,96
yellowstone,2023-01-23,-7.0,-17.9,0.2,11.9,63
yellowstone,2023-01-24,-10.4,-17.1,1.4,13.0,99
yellowstone,2023-01-25,-9.5,-17.2,0.9,11.8,95
yellowstone,2023-01-26,-9.4,-12.1,3.9,15.2,100
yellowstone,2023-01-27,-6.7,-10.5,8.1,12.6,100
yellowstone,2023-01-28,-8.9,-16.5,3.9,15.1,100
yellowstone,2023-01-29,-17.2,-30.3,0.0,10.3,42
yellowstone,2023-01-30,-18.3,-31.0,0.0,7.2,29
yellowstone,2023-01-31,-14.7,-27.7,0.1,11.4,76
yellowstone,2023-02-01,-9.3,-18.9,0.5,12.4,94
yellowstone,2023-02-02,-5.1,-18.0,0.0,9.7,58
yellowstone,2023-02-03,-0.7,-15.0,0.0,14.0,61
yellowstone,2023-02-04,-4.8,-13.3,0.0,16.3,67
yellowstone,2023-02-05,-2.2,-9.9,1.7,17.1,97
yellowstone,2023-02-06,-4.0,-8.2,2.0,14.9,98
yellowstone,2023-02-07,-3.9,-9.6,0.0,13.1,93
yellowstone,2023-02-08,-7.2,-12.4,2.3,20.7,93
yellowstone,2023-02-09,-7.4,-18.3,0.0,12.4,28
yellowstone,2023-02-10,-2.5,-16.5,0.0,9.4,38
yellowstone,2023-02-11,-0.8,-13.9,0.0,10.6,72
yellowstone,2023-02-12,-2.0,-16.0,0.0,8.5,34
yellowstone,2023-02-13,-1.6,-12.7,0.2,16.3,44
yellowstone,2023-02-14,-7.9,-15.5,5.2,19.6,100
yellowstone,2023-02-15,-9.4,-19.9,0.0,10.5,10
yellowstone,2023-02-16,-7.5,-22.3,0.0,8.9,0
yellowstone,2023-02-17,-6.3,-18.4,0.0,13.6,48
yellowstone,2023-02-18,-8.3,-18.7,2.4,14.1,75
yellowstone,2023-02-19,-9.1,-13.6,3.7,22.6,100
yellowstone,2023-02-20,-4.3,-9.0,5.2,23.5,100
yellowstone,2023-02-21,-3.5,-10.7,19.9,31.2,100
yellowstone,2023-02-22,-11.3,-20.9,2.6,18.3,100
yellowstone,2023-02-23,-11.8,-21.8,1.6,11.0,94
yellowstone,2023-02-24,-9.3,-19.6,1.3,25.6,80
yellowstone,2023-02-25,-3.0,-12.0,0.0,21.7,63
yellowstone,2023-02-26,-1.4,-10.2,3.0,23.3,75
yellowstone,2023-02-27,-7.2,-10.5,4.8,22.5,100
yellowstone,2023-02-28,-9.8,-12.8,4.1,24.9,98
yellowstone,2023-03-01,-6.5,-15.3,1.4,11.6,93
yellowstone,2023-03-02,-7.3,-15.0,0.4,15.1,99
yellowstone,2023-03-03,-8.5,-13.4,3.9,20.9,87
yellowstone,2023-03-04,-7.0,-14.4,2.6,13.0,99
yellowstone,2023-03-05,-8.0,-14.4,2.8,18.1,82
yellowstone,2023-03-06,-8.6,-15.5,2.1,15.0,85
yellowstone,2023-03-07,-8.5,-16.8,0.3,14.1,62
yellowstone,2023-03-08,-6.7,-17.5,2.6,6.9,82
yellowstone,2023-03-09,-7.7,-15.0,1.0,18.4,98
yellowstone,2023-03-10,-1.3,-10.6,16.1,29.5,96
yellowstone,2023-03-11,-5.7,-15.1,0.7,19.1,59
yellowstone,2023-03-12,-2.9,-16.1,0.0,10.8,65
yellowstone,2023-03-13,-1.3,-10.5,2.4,18.3,100
yellowstone,2023-03-14,0.9,-3.5,5.6,23.2,99
yellowstone,2023-03-15,-0.7,-9.9,14.6,26.4,90
yellowstone,2023-03-16,-5.9,-15.2,0.0,10.6,29
yellowstone,2023-03-17,-4.2,-19.5,0.0,8.9,3
yellowstone,2023-03-18,-2.1,-18.0,0.0,14.4,35
yellowstone,2023-03-19,-1.4,-15.1,0.0,12.4,35
yellowstone,2023-03-20,-2.7,-11.8,2.4,12.0,100
yellowstone,2023-03-21,-4.6,-11.2,1.0,11.6,86
yellowstone,2023-03-22,-2.2,-12.8,0.2,12.9,65
yellowstone,2023-03-23,-2.8,-10.7,1.3,17.1,87
yellowstone,2023-03-24,-4.1,-10.1,3.4,16.1,100
yellowstone,2023-03-25,-7.2,-11.5,9.3,15.6,100
yellowstone,2023-03-26,-8.9,-12.9,6.6,15.9,100
yellowstone,2023-03-27,-6.5,-16.7,1.0,17.5,70
yellowstone,2023-03-28,-3.2,-15.0,0.2,16.3,100
yellowstone,2023-03-29,1.8,-9.7,0.3,13.9,98
yellowstone,2023-03-30,-1.9,-7.4,3.1,14.4,100
yellowstone,2023-03-31,-2.9,-8.2,2.3,21.6,91
yellowstone,2023-04-01,-3.2,-6.8,13.1,28.2,100
yellowstone,2023-04-02,-5.0,-13.2,2.0,24.8,79
yellowstone,2023-04-03,-3.8,-14.3,0.9,15.6,98
yellowstone,2023-04-04,-6.9,-13.0,2.3,16.6,100
yellowstone,2023-04-05,-6.5,-17.6,1.0,21.2,89
yellowstone,2023-04-06,-3.1,-11.2,0.0,18.9,54
yellowstone,2023-04-07,3.8,-12.0,0.0,13.6,49
yellowstone,2023-04-08,1.8,-5.4,0.1,21.1,86
yellowstone,2023-04-09,5.3,-4.8,0.1,14.5,82
yellowstone,2023-04-10,10.8,-4.5,0.0,10.7,70
yellowstone,2023-04-11,8.8,-0.6,0.0,29.3,39
yellowstone,2023-04-12,6.5,-2.8,1.8,22.9,43
yellowstone,2023-04-13,-1.0,-9.6,13.0,19.9,93
yellowstone,2023-04-14,-3.9,-8.6,2.2,12.7,99
yellowstone,2023-04-15,-0.2,-14.0,0.0,13.4,22
yellowstone,2023-04-16,6.2,-10.6,0.0,16.5,55
yellowstone,2023-04-17,4.7,-4.9,0.1,20.4,76
yellowstone,2023-04-18,0.6,-8.9,3.7,22.9,89
yellowstone,2023-04-19,-5.6,-9.8,2.8,21.0,100
yellowstone,2023-04-20,-2.8,-12.2,1.0,20.7,85
yellowstone,2023-04-21,-1.9,-11.9,6.3,16.2,87
yellowstone,2023-04-22,-0.4,-14.0,0.0,12.7,47
yellowstone,2023-04-23,3.2,-12.4,0.0,12.3,48
yellowstone,2023-04-24,2.9,-7.0,2.0,12.4,97
yellowstone,2023-04-25,6.7,-3.8,1.8,15.3,68
yellowstone,2023-04-26,6.3,-6.2,0.0,15.3,68
yellowstone,2023-04-27,4.2,-6.4,1.2,27.7,48
yellowstone,2023-04-28,9.2,-8.8,0.0,14.2,63
yellowstone,2023-04-29,12.1,-4.9,0.0,12.0,39
yellowstone,2023-04-30,13.6,-3.4,0.0,9.4,7
yellowstone,2023-05-01,12.9,-2.2,0.0,15.4,19
yellowstone,2023-05-02,14.1,0.4,0.3,12.1,62
yellowstone,2023-05-03,14.9,-1.3,0.0,12.3,38
yellowstone,2023-05-04,12.2,-0.9,6.7,15.5,64
yellowstone,2023-05-05,6.2,-3.9,1.3,12.8,79
yellowstone,2023-05-06,3.9,-4.1,1.4,19.9,69
yellowstone,2023-05-07,3.6,-5.8,2.8,18.4,59
yellowstone,2023-05-08,6.7,-4.8,1.7,14.8,56
yellowstone,2023-05-09,5.5,-4.4,2.3,19.9,36
yellowstone,2023-05-10,8.5,-5.2,3.6,13.0,94
yellowstone,2023-05-11,7.8,-2.2,2.8,12.0,64
yellowstone,2023-05-12,9.0,-2.2,0.0,13.7,53
yellowstone,2023-05-13,8.2,-1.7,0.3,18.4,82
yellowstone,2023-05-14,9.8,0.4,0.0,19.8,80
yellowstone,2023-05-15,11.6,-0.5,0.9,12.2,64
yellowstone,2023-05-16,11.8,-2.0,1.1,13.7,21
yellowstone,2023-05-17,10.8,-2.6,1.1,10.8,44
yellowstone,2023-05-18,11.7,-2.4,0.0,11.6,20
yellowstone,2023-05-19,15.7,-4.0,0.0,10.2,0
yellowstone,2023-05-20,16.9,-2.1,0.1,12.0,12
yellowstone,2023-05-21,15.7,-0.8,0.2,10.5,25
yellowstone,2023-05-22,14.2,-0.4,0.0,17.6,46
yellowstone,2023-05-23,13.5,-0.8,0.5,8.4,66
yellowstone,2023-05-24,12.5,-0.2,0.7,13.4,83
yellowstone,2023-05-25,12.5,-1.6,0.1,11.3,70
yellowstone,2023-05-26,11.7,0.3,0.3,11.4,92
yellowstone,2023-05-27,11.0,-0.4,3.0,15.9,74
yellowstone,2023-05-28,10.3,-1.5,2.4,13.9,57
yellowstone,2023-05-29,11.4,-1.7,2.4,11.8,57
yellowstone,2023-05-30,12.2,-2.5,2.3,12.4,48
yellowstone,2023-05-31,13.6,-1.0,1.4,9.4,60
yellowstone,2023-06-01,13.9,-1.1,0.1,11.1,71
yellowstone,2023-06-02,10.6,0.0,2.6,12.2,98
yellowstone,2023-06-03,11.3,0.0,3.0,6.6,98
yellowstone,2023-06-04,16.2,1.1,0.1,12.5,86
yellowstone,2023-06-05,17.8,0.2,0.1,10.7,71
yellowstone,2023-06-06,19.6,1.3,5.7,11.8,36
yellowstone,2023-06-07,18.8,1.3,0.2,14.9,42
yellowstone,2023-06-08,15.7,2.5,0.6,11.9,91
yellowstone,2023-06-09,17.6,1.3,0.9,8.6,48
yellowstone,2023-06-10,16.0,2.0,1.1,11.3,100
yellowstone,2023-06-11,16.2,3.0,2.4,10.4,94
yellowstone,2023-06-12,15.7,1.6,2.9,12.3,84
yellowstone,2023-06-13,16.4,-0.2,0.6,15.9,71
yellowstone,2023-06-14,12.7,5.1,4.8,23.5,77
yellowstone,2023-06-15,12.6,1.1,0.9,11.9,98
yellowstone,2023-06-16,12.0,1.0,8.7,12.6,69
yellowstone,2023-06-17,12.6,0.6,2.4,21.3,74
yellowstone,2023-06-18,8.4,3.9,18.1,24.5,92
yellowstone,2023-06-19,11.1,2.5,7.0,23.8,89
yellowstone,2023-06-20,9.7,1.8,0.7,19.4,71
yellowstone,2023-06-21,13.0,-2.4,0.1,20.4,27
yellowstone,2023-06-22,17.6,-1.2,0.0,15.8,45
yellowstone,2023-06-23,12.7,3.1,8.7,14.4,93
yellowstone,2023-06-24,12.0,2.2,12.2,15.6,79
yellowstone,2023-06-25,17.4,0.5,0.2,13.2,64
yellowstone,2023-06-26,17.9,2.7,0.8,12.5,71
yellowstone,2023-06-27,16.5,2.8,2.7,16.7,74
yellowstone,2023-06-28,16.0,1.7,3.6,14.8,34
yellowstone,2023-06-29,17.5,1.7,0.8,16.0,42
yellowstone,2023-06-30,20.4,3.7,0.5,12.6,18
yellowstone,2023-07-01,20.5,4.3,4.3,18.2,35
yellowstone,2023-07-02,21.0,3.4,0.0,20.4,18
yellowstone,2023-07-03,20.0,6.7,0.7,28.8,31
yellowstone,2023-07-04,17.2,5.1,0.6,14.3,47
yellowstone,2023-07-05,17.3,1.0,0.0,15.5,22
yellowstone,2023-07-06,19.5,2.7,1.2,16.8,36
yellowstone,2023-07-07,19.6,2.3,1.1,12.2,43
yellowstone,2023-07-08,19.0,3.4,0.4,14.0,34
yellowstone,2023-07-09,20.5,4.3,0.4,19.8,27
yellowstone,2023-07-10,23.1,7.0,0.0,19.8,30
yellowstone,2023-07-11,21.6,9.2,0.0,26.2,20
yellowstone,2023-07-12,20.9,5.5,0.3,19.4,11
yellowstone,2023-07-13,19.5,6.7,0.1,22.0,35
yellowstone,2023-07-14,20.0,5.2,0.5,19.2,14
yellowstone,2023-07-15,22.4,6.0,0.1,19.2,3
yellowstone,2023-07-16,23.8,6.9,0.0,18.0,64
yellowstone,2023-07-17,25.1,7.6,0.4,28.4,52
yellowstone,2023-07-18,23.0,8.8,0.0,21.8,7
yellowstone,2023-07-19,23.2,5.9,0.0,15.7,40
yellowstone,2023-07-20,23.5,6.3,0.4,18.6,53
yellowstone,2023-07-21,23.0,6.6,1.5,13.0,14
yellowstone,2023-07-22,26.5,7.8,0.0,18.6,11
yellowstone,2023-07-23,27.5,9.8,0.0,21.4,84
yellowstone,2023-07-24,24.2,11.3,3.1,22.0,92
yellowstone,2023-07-25,22.2,7.8,0.1,25.2,21
yellowstone,2023-07-26,23.6,7.8,0.0,27.4,5
yellowstone,2023-07-27,22.3,8.0,1.6,23.4,34
yellowstone,2023-07-28,23.1,8.2,0.1,23.5,14
yellowstone,2023-07-29,25.8,9.6,0.0,16.3,19
yellowstone,2023-07-30,25.3,7.9,0.2,17.9,42
yellowstone,2023-07-31,24.7,10.0,0.1,16.2,88
yellowstone,2023-08-01,24.8,9.7,0.2,13.6,85
yellowstone,2023-08-02,21.5,11.4,0.4,14.6,100
yellowstone,2023-08-03,16.7,8.6,15.1,11.2,98
yellowstone,2023-08-04,14.4,8.6,18.4,8.9,100
yellowstone,2023-08-05,17.9,7.0,12.9,11.5,71
yellowstone,2023-08-06,17.4,5.9,3.4,15.0,63
yellowstone,2023-08-07,14.5,5.8,11.8,14.3,72
yellowstone,2023-08-08,15.1,4.7,1.2,13.9,69
yellowstone,2023-08-09,18.2,4.9,0.0,17.7,49
yellowstone,2023-08-10,18.5,5.8,4.2,24.6,38
yellowstone,2023-08-11,20.1,7.5,0.0,16.4,0
yellowstone,2023-08-12,20.9,8.2,0.0,19.2,39
yellowstone,2023-08-13,18.7,4.9,0.0,14.3,31
yellowstone,2023-08-14,23.7,4.1,0.0,9.6,1
yellowstone,2023-08-15,25.7,7.6,0.0,12.6,3
yellowstone,2023-08-16,25.7,10.1,0.0,17.1,0
yellowstone,2023-08-17,26.0,8.4,0.0,17.9,26
yellowstone,2023-08-18,21.6,11.3,0.9,29.5,40
yellowstone,2023-08-19,21.6,9.7,1.1,14.6,89
yellowstone,2023-08-20,15.2,10.0,8.6,8.0,100
yellowstone,2023-08-21,21.3,8.8,2.9,27.1,83
yellowstone,2023-08-22,17.4,8.7,3.2,22.1,87
yellowstone,2023-08-23,17.9,7.0,0.5,20.8,19
yellowstone,2023-08-24,20.7,6.0,0.0,15.9,8
yellowstone,2023-08-25,20.8,8.0,0.6,11.4,27
yellowstone,2023-08-26,22.2,7.9,3.2,12.3,30
yellowstone,2023-08-27,19.4,8.4,1.2,17.9,19
yellowstone,2023-08-28,20.6,5.2,1.9,10.1,10
yellowstone,2023-08-29,22.8,7.6,0.0,18.4,17
yellowstone,2023-08-30,14.8,7.5,0.0,29.6,7
yellowstone,2023-08-31,17.9,4.0,0.0,18.6,15
yellowstone,2023-09-01,20.2,7.5,1.2,20.4,68
yellowstone,2023-09-02,18.6,8.7,0.0,20.2,67
yellowstone,2023-09-03,18.5,7.1,4.2,17.3,61
yellowstone,2023-09-04,9.6,4.1,9.9,14.8,93
yellowstone,2023-09-05,13.4,2.9,0.7,13.7,76
yellowstone,2023-09-06,16.9,3.0,0.0,18.1,12
yellowstone,2023-09-07,17.1,3.3,0.1,18.1,6
yellowstone,2023-09-08,18.2,4.7,1.1,25.5,43
yellowstone,2023-09-09,17.4,3.0,0.1,16.3,24
yellowstone,2023-09-10,16.9,2.6,1.0,14.0,14
yellowstone,2023-09-11,17.6,1.4,0.0,9.4,18
yellowstone,2023-09-12,18.3,6.0,0.1,13.7,41
yellowstone,2023-09-13,14.6,4.2,1.8,16.6,42
yellowstone,2023-09-14,14.9,1.3,0.0,10.2,35
yellowstone,2023-09-15,16.5,2.4,0.0,9.6,4
yellowstone,2023-09-16,17.7,2.9,0.0,10.2,2
yellowstone,2023-09-17,17.6,3.2,0.0,18.5,9
yellowstone,2023-09-18,16.8,3.7,0.8,23.8,24
yellowstone,2023-09-19,15.4,2.9,0.0,20.3,32
yellowstone,2023-09-20,12.9,1.6,7.9,19.4,60
yellowstone,2023-09-21,11.0,2.8,18.6,17.6,80
yellowstone,2023-09-22,5.8,0.2,13.3,16.6,100
yellowstone,2023-09-23,8.2,0.2,0.5,16.9,72
yellowstone,2023-09-24,13.8,-2.0,0.0,16.1,33
yellowstone,2023-09-25,17.2,1.1,0.0,13.2,21
yellowstone,2023-09-26,17.4,3.0,0.0,21.4,8
yellowstone,2023-09-27,15.6,2.2,0.0,25.8,45
yellowstone,2023-09-28,10.8,-0.4,0.0,17.9,60
yellowstone,2023-09-29,12.4,-0.9,0.0,17.8,46
yellowstone,2023-09-30,15.7,4.7,1.3,20.1,61
yellowstone,2023-10-01,12.5,-0.1,2.6,17.8,67
yellowstone,2023-10-02,10.8,-1.0,5.6,13.0,88
yellowstone,2023-10-03,3.4,0.5,9.6,15.7,97
yellowstone,2023-10-04,5.7,0.4,2.4,19.1,100
yellowstone,2023-10-05,7.5,1.5,0.0,16.6,83
yellowstone,2023-10-06,11.6,-2.1,0.0,7.2,30
yellowstone,2023-10-07,14.9,0.3,0.0,8.2,12
yellowstone,2023-10-08,15.3,-0.5,0.0,10.7,10
yellowstone,2023-10-09,15.1,-0.2,0.2,14.8,13
yellowstone,2023-10-10,11.8,0.9,3.9,20.7,55
yellowstone,2023-10-11,4.9,0.2,5.2,12.7,91
yellowstone,2023-10-12,3.9,-4.4,7.4,21.8,87
yellowstone,2023-10-13,3.7,-5.1,0.0,8.5,74
yellowstone,2023-10-14,6.1,-2.1,0.2,15.0,60
yellowstone,2023-10-15,10.9,-2.5,0.0,11.1,57
yellowstone,2023-10-16,14.3,-0.5,0.0,12.2,54
yellowstone,2023-10-17,10.8,1.4,0.0,25.9,43
yellowstone,2023-10-18,11.6,-1.2,0.0,14.6,25
yellowstone,2023-10-19,14.6,-1.3,0.0,13.9,13
yellowstone,2023-10-20,15.2,-0.2,0.0,11.6,23
yellowstone,2023-10-21,13.9,0.0,0.2,10.4,46
yellowstone,2023-10-22,11.8,-0.5,0.3,12.9,66
yellowstone,2023-10-23,6.9,-1.4,2.6,11.6,90
yellowstone,2023-10-24,4.6,-0.2,7.0,21.5,81
yellowstone,2023-10-25,1.9,-0.6,15.8,16.9,100
yellowstone,2023-10-26,-0.7,-15.6,3.3,21.2,83
yellowstone,2023-10-27,-4.7,-13.3,1.8,20.3,84
yellowstone,2023-10-28,-7.2,-16.5,0.5,11.5,53
yellowstone,2023-10-29,-6.5,-22.7,0.0,11.2,7
yellowstone,2023-10-30,-2.8,-19.4,0.0,10.9,13
yellowstone,2023-10-31,1.5,-15.0,0.0,11.1,50
yellowstone,2023-11-01,2.7,-11.2,0.0,11.3,64
yellowstone,2023-11-02,0.1,-9.1,4.6,15.8,97
yellowstone,2023-11-03,2.7,-0.6,1.3,19.6,90
yellowstone,2023-11-04,4.2,-1.7,0.8,18.4,87
yellowstone,2023-11-05,2.4,-1.3,5.8,26.0,90
yellowstone,2023-11-06,2.3,-1.6,6.9,22.5,100
yellowstone,2023-11-07,-1.0,-8.5,4.6,21.3,67
yellowstone,2023-11-08,-2.6,-8.5,0.0,16.3,59
yellowstone,2023-11-09,-3.3,-15.1,0.0,14.3,65
yellowstone,2023-11-10,-1.3,-15.2,0.3,13.3,77
yellowstone,2023-11-11,-0.9,-9.2,0.0,23.0,84
yellowstone,2023-11-12,2.7,-8.6,0.0,16.9,47
yellowstone,2023-11-13,4.8,-3.8,0.0,14.1,67
yellowstone,2023-11-14,3.1,-9.7,0.0,17.3,70
yellowstone,2023-11-15,4.5,-6.6,0.0,16.8,85
yellowstone,2023-11-16,2.2,-4.5,0.0,19.9,51
yellowstone,2023-11-17,2.2,-9.3,0.0,10.9,48
yellowstone,2023-11-18,2.5,-9.6,0.0,9.7,92
yellowstone,2023-11-19,0.5,-6.1,1.0,12.6,96
yellowstone,2023-11-20,-2.4,-12.9,0.0,10.2,63
yellowstone,2023-11-21,2.2,-11.4,0.0,9.0,92
yellowstone,2023-11-22,0.4,-11.0,0.6,13.5,89
yellowstone,2023-11-23,-3.8,-9.8,3.8,20.0,100
yellowstone,2023-11-24,-8.4,-17.1,0.0,16.6,80
yellowstone,2023-11-25,-5.7,-22.9,0.0,8.9,34
yellowstone,2023-11-26,-6.5,-20.8,0.0,10.1,53
yellowstone,2023-11-27,-4.0,-17.7,0.0,10.5,67
yellowstone,2023-11-28,-0.7,-16.7,0.0,12.3,43
yellowstone,2023-11-29,-1.6,-14.0,0.0,10.9,36
yellowstone,2023-11-30,-4.4,-11.4,0.1,9.7,99
yellowstone,2023-12-01,-6.9,-10.2,1.7,19.2,100
yellowstone,2023-12-02,-6.5,-10.6,7.9,26.7,96
yellowstone,2023-12-03,-4.4,-18.7,1.7,20.5,75
yellowstone,2023-12-04,-1.0,-4.0,1.1,25.9,100
yellowstone,2023-12-05,1.9,-3.9,0.0,16.1,98
yellowstone,2023-12-06,2.9,-8.2,0.0,11.7,69
yellowstone,2023-12-07,-2.3,-8.9,7.5,25.6,95
yellowstone,2023-12-08,-6.3,-19.6,3.0,16.9,94
yellowstone,2023-12-09,-10.4,-21.7,0.0,15.5,82
yellowstone,2023-12-10,-7.1,-13.7,2.1,16.5,100
yellowstone,2023-12-11,-2.7,-8.9,0.0,7.2,100
yellowstone,2023-12-12,-1.6,-15.6,0.0,11.4,40
yellowstone,2023-12-13,-0.8,-19.1,0.0,9.4,19
yellowstone,2023-12-14,-1.4,-14.3,0.0,9.6,40
yellowstone,2023-12-15,-1.2,-14.5,0.0,8.9,74
yellowstone,2023-12-16,0.7,-14.2,0.0,10.0,62
yellowstone,2023-12-17,-0.8,-18.3,0.0,10.0,47
yellowstone,2023-12-18,1.8,-15.4,0.0,10.0,88
yellowstone,2023-12-19,1.6,-10.7,0.0,11.6,60
yellowstone,2023-12-20,1.5,-9.0,0.1,9.3,70
yellowstone,2023-12-21,1.6,-7.0,0.2,14.4,90
yellowstone,2023-12-22,0.5,-8.9,0.0,14.0,78
yellowstone,2023-12-23,-3.0,-14.3,3.3,15.2,99
yellowstone,2023-12-24,-10.6,-18.8,0.0,8.5,55
yellowstone,2023-12-25,-6.1,-25.0,0.0,5.8,47
yellowstone,2023-12-26,-6.4,-19.6,0.0,8.3,50
yellowstone,2023-12-27,-4.5,-16.1,0.0,9.9,48
yellowstone,2023-12-28,0.4,-17.2,0.0,10.1,59
yellowstone,2023-12-29,0.9,-14.2,0.0,9.9,65
yellowstone,2023-12-30,1.0,-13.3,0.0,10.2,56
yellowstone,2023-12-31,1.4,-10.9,0.0,10.0,64
yellowstone,2024-01-01,-2.8,-15.6,0.0,8.7,84
yellowstone,2024-01-02,-2.6,-16.9,0.0,12.4,66
yellowstone,2024-01-03,-3.5,-15.5,0.0,9.9,98
yellowstone,2024-01-04,-4.8,-13.4,0.0,12.1,97
yellowstone,2024-01-05,-6.6,-19.2,1.8,15.1,72
yellowstone,2024-01-06,-9.2,-19.3,0.6,15.9,98
yellowstone,2024-01-07,-8.5,-17.2,1.9,13.4,99
yellowstone,2024-01-08,-11.7,-20.7,0.0,17.9,95
yellowstone,2024-01-09,-8.9,-15.4,4.0,17.1,100
yellowstone,2024-01-10,-10.8,-15.0,3.3,22.2,100
yellowstone,2024-01-11,-13.2,-18.4,1.1,18.9,100
yellowstone,2024-01-12,-14.0,-32.0,4.2,23.1,81
yellowstone,2024-01-13,-19.1,-36.6,0.0,11.3,63
yellowstone,2024-01-14,-11.7,-23.3,0.6,15.1,89
yellowstone,2024-01-15,-16.7,-38.8,1.0,12.0,29
yellowstone,2024-01-16,-11.2,-30.7,0.0,12.2,92
yellowstone,2024-01-17,-5.7,-15.6,5.2,25.6,100
yellowstone,2024-01-18,-5.3,-11.4,2.3,26.6,81
yellowstone,2024-01-19,-2.0,-9.5,1.0,11.9,100
yellowstone,2024-01-20,2.4,-5.3,0.5,17.3,92
yellowstone,2024-01-21,-0.5,-3.4,1.7,16.8,98
yellowstone,2024-01-22,-0.5,-8.1,0.5,11.6,100
yellowstone,2024-01-23,-1.2,-8.4,1.7,7.2,100
yellowstone,2024-01-24,-3.4,-7.0,0.3,16.6,99
yellowstone,2024-01-25,-3.0,-8.6,0.5,9.4,100
yellowstone,2024-01-26,-3.8,-8.9,0.4,12.4,96
yellowstone,2024-01-27,-1.3,-10.7,0.0,12.5,99
yellowstone,2024-01-28,1.0,-4.2,0.2,13.4,100
yellowstone,2024-01-29,2.9,-3.2,0.0,7.7,60
yellowstone,2024-01-30,4.0,-9.7,0.0,9.7,40
yellowstone,2024-01-31,4.4,-13.6,0.0,11.5,32
yellowstone,2024-02-01,3.9,-13.9,0.0,8.5,24
yellowstone,2024-02-02,3.0,-7.6,4.2,10.1,96
yellowstone,2024-02-03,-2.7,-5.7,7.9,10.1,100
yellowstone,2024-02-04,-5.3,-15.4,7.1,15.0,79
yellowstone,2024-02-05,-1.9,-13.4,2.9,14.2,94
yellowstone,2024-02-06,1.0,-7.1,3.6,14.3,96
yellowstone,2024-02-07,-1.1,-6.6,8.8,13.2,99
yellowstone,2024-02-08,-5.3,-9.3,1.2,16.4,100
yellowstone,2024-02-09,-7.4,-16.6,1.6,8.9,98
yellowstone,2024-02-10,-7.2,-19.8,0.7,12.8,89
yellowstone,2024-02-11,-4.2,-20.3,0.0,9.7,86
yellowstone,2024-02-12,-6.2,-15.4,0.5,16.9,97
yellowstone,2024-02-13,-5.1,-14.1,0.4,12.8,93
yellowstone,2024-02-14,-6.4,-13.5,2.7,19.2,100
yellowstone,2024-02-15,-3.9,-7.2,9.7,22.9,100
yellowstone,2024-02-16,-6.6,-25.5,8.1,13.2,63
yellowstone,2024-02-17,-2.4,-28.1,0.0,10.0,35
yellowstone,2024-02-18,-4.8,-22.1,0.7,13.8,98
yellowstone,2024-02-19,1.7,-8.0,0.0,15.8,97
yellowstone,2024-02-20,0.2,-12.8,1.7,20.0,62
yellowstone,2024-02-21,0.2,-16.3,0.0,10.5,96
yellowstone,2024-02-22,-2.5,-10.8,0.4,17.1,83
yellowstone,2024-02-23,-2.5,-11.7,0.0,16.7,74
yellowstone,2024-02-24,-1.7,-11.6,0.0,22.9,90
yellowstone,2024-02-25,-1.6,-5.1,3.8,27.2,98
yellowstone,2024-02-26,-2.4,-9.9,14.2,33.1,99
yellowstone,2024-02-27,-10.7,-18.3,3.1,21.6,70
yellowstone,2024-02-28,-7.2,-18.3,0.3,21.6,95
yellowstone,2024-02-29,-0.1,-11.9,0.9,23.4,87
yellowstone,2024-03-01,-2.6,-6.4,12.1,25.7,100
yellowstone,2024-03-02,-0.9,-12.1,10.6,23.3,94
yellowstone,2024-03-03,-9.0,-20.0,0.6,24.3,99
yellowstone,2024-03-04,-9.1,-20.2,2.9,21.7,99
yellowstone,2024-03-05,-7.2,-14.3,10.7,22.1,100
yellowstone,2024-03-06,-5.7,-12.4,5.6,17.6,93
yellowstone,2024-03-07,-5.1,-17.0,0.4,11.4,66
yellowstone,2024-03-08,-2.3,-25.8,0.0,9.1,12
yellowstone,2024-03-09,2.1,-21.3,0.0,13.3,17
yellowstone,2024-03-10,1.7,-14.7,0.0,21.4,64
yellowstone,2024-03-11,1.6,-12.4,0.2,17.6,78
yellowstone,2024-03-12,-1.9,-5.5,2.9,20.2,96
yellowstone,2024-03-13,-1.7,-9.4,4.5,18.7,89
yellowstone,2024-03-14,-1.1,-10.8,1.0,12.6,70
yellowstone,2024-03-15,4.5,-19.6,0.0,11.5,28
yellowstone,2024-03-16,5.4,-9.9,0.0,14.8,23
yellowstone,2024-03-17,5.0,-15.2,0.0,10.5,49
yellowstone,2024-03-18,6.8,-14.2,0.0,9.7,22
yellowstone,2024-03-19,6.4,-10.4,0.0,8.6,4
yellowstone,2024-03-20,5.9,-11.6,0.3,17.2,30
yellowstone,2024-03-21,2.4,-9.4,7.8,24.9,58
yellowstone,2024-03-22,2.8,-8.2,0.4,19.4,78
yellowstone,2024-03-23,3.7,-8.6,0.9,19.9,87
yellowstone,2024-03-24,-3.1,-17.3,4.2,15.8,97
yellowstone,2024-03-25,-1.9,-22.4,0.3,17.0,81
yellowstone,2024-03-26,-3.5,-15.6,1.7,18.7,89
yellowstone,2024-03-27,-2.5,-15.2,0.1,25.0,94
yellowstone,2024-03-28,-0.5,-6.4,9.9,25.4,95
yellowstone,2024-03-29,-1.0,-12.9,2.8,12.8,80
yellowstone,2024-03-30,0.9,-16.4,1.1,10.0,86
yellowstone,2024-03-31,0.0,-11.1,4.4,17.1,95
yellowstone,2024-04-01,3.1,-16.0,0.0,14.1,49
yellowstone,2024-04-02,5.7,-12.5,0.0,11.5,29
yellowstone,2024-04-03,7.0,-9.3,0.7,15.8,37
yellowstone,2024-04-04,8.5,-4.7,0.1,17.2,84
yellowstone,2024-04-05,7.3,-8.4,2.2,23.7,54
yellowstone,2024-04-06,-4.4,-8.9,3.7,21.1,98
yellowstone,2024-04-07,-3.3,-8.5,2.9,18.5,100
yellowstone,2024-04-08,0.1,-11.9,0.7,14.2,94
yellowstone,2024-04-09,1.5,-14.6,1.2,19.5,78
yellowstone,2024-04-10,2.5,-10.8,0.3,16.6,65
yellowstone,2024-04-11,5.6,-9.9,0.0,13.5,69
yellowstone,2024-04-12,9.5,-5.8,0.4,21.9,41
yellowstone,2024-04-13,10.1,-8.4,0.8,15.4,21
yellowstone,2024-04-14,10.4,-8.1,0.0,12.3,29
yellowstone,2024-04-15,7.6,-5.7,9.3,13.1,51
yellowstone,2024-04-16,3.3,-9.3,1.7,22.8,75
yellowstone,2024-04-17,-2.3,-16.4,6.1,16.6,78
yellowstone,2024-04-18,-2.5,-21.7,0.0,11.3,24
yellowstone,2024-04-19,0.5,-22.1,0.0,13.4,34
yellowstone,2024-04-20,3.4,-19.0,0.0,10.9,25
yellowstone,2024-04-21,7.5,-12.6,2.4,26.1,87
yellowstone,2024-04-22,4.4,-10.8,0.0,18.8,15
yellowstone,2024-04-23,7.1,-12.1,0.0,10.4,50
yellowstone,2024-04-24,10.0,-9.6,0.0,11.1,52
yellowstone,2024-04-25,6.9,-4.7,3.1,10.0,77
yellowstone,2024-04-26,6.2,-3.1,4.9,14.8,96
yellowstone,2024-04-27,6.0,-1.5,3.8,14.3,99
yellowstone,2024-04-28,4.3,-6.1,6.8,18.5,85
yellowstone,2024-04-29,3.5,-7.9,2.8,27.3,68
yellowstone,2024-04-30,-0.9,-11.5,5.3,27.5,63
yellowstone,2024-05-01,-2.0,-13.9,3.7,17.0,70
yellowstone,2024-05-02,0.4,-17.9,0.0,20.4,38
yellowstone,2024-05-03,0.9,-17.3,0.0,12.8,58
yellowstone,2024-05-04,7.7,-15.4,0.0,12.8,54
yellowstone,2024-05-05,6.9,-1.2,6.6,13.3,99
yellowstone,2024-05-06,2.2,-4.6,2.3,27.4,100
yellowstone,2024-05-07,-0.7,-6.9,1.4,27.2,99
yellowstone,2024-05-08,0.4,-6.1,8.0,19.5,100
yellowstone,2024-05-09,6.4,-3.2,2.5,19.0,85
yellowstone,2024-05-10,13.0,-6.7,0.0,10.1,22
yellowstone,2024-05-11,12.1,-9.0,0.3,10.6,33
yellowstone,2024-05-12,11.8,-6.0,0.0,10.9,23
yellowstone,2024-05-13,11.4,-4.4,0.1,16.0,38
yellowstone,2024-05-14,7.1,-1.4,6.7,9.8,87
yellowstone,2024-05-15,8.8,-7.5,0.0,12.3,81
yellowstone,2024-05-16,10.9,-4.3,0.0,22.6,69
yellowstone,2024-05-17,10.0,-3.1,0.5,32.8,10
yellowstone,2024-05-18,7.4,-11.0,0.0,25.6,55
yellowstone,2024-05-19,5.0,-2.7,3.1,28.9,69
yellowstone,2024-05-20,4.0,-8.8,2.0,14.6,43
yellowstone,2024-05-21,4.4,-11.6,0.8,17.7,47
yellowstone,2024-05-22,3.1,-4.0,4.5,23.5,96
yellowstone,2024-05-23,0.6,-4.6,9.0,19.2,93
yellowstone,2024-05-24,6.0,-10.3,0.8,21.1,67
yellowstone,2024-05-25,6.6,-7.5,5.0,17.7,60
yellowstone,2024-05-26,6.2,-4.4,5.8,24.7,81
yellowstone,2024-05-27,10.1,-3.7,0.0,11.7,11
yellowstone,2024-05-28,12.9,-5.2,0.0,10.1,24
yellowstone,2024-05-29,9.9,0.1,2.5,25.5,74
yellowstone,2024-05-30,4.7,-5.4,0.5,21.6,82
yellowstone,2024-05-31,8.7,-4.3,0.0,12.4,42
yellowstone,2024-06-01,11.9,-6.0,0.0,13.6,75
yellowstone,2024-06-02,11.3,0.2,1.0,21.7,78
yellowstone,2024-06-03,7.1,2.0,8.0,26.0,98
yellowstone,2024-06-04,11.6,0.3,0.0,28.1,54
yellowstone,2024-06-05,15.5,4.0,0.0,23.8,10
yellowstone,2024-06-06,16.7,-2.7,0.0,11.2,42
yellowstone,2024-06-07,16.9,1.1,0.5,15.2,27
yellowstone,2024-06-08,19.5,0.7,0.8,16.5,9
yellowstone,2024-06-09,19.1,2.5,5.3,15.1,76
yellowstone,2024-06-10,17.2,2.6,6.3,18.7,53
yellowstone,2024-06-11,18.5,3.0,0.0,20.7,38
yellowstone,2024-06-12,20.5,3.6,0.0,26.1,0
yellowstone,2024-06-13,21.0,1.2,0.0,16.7,0
yellowstone,2024-06-14,21.4,6.3,3.5,21.0,47
yellowstone,2024-06-15,16.9,5.6,0.5,34.6,67
yellowstone,2024-06-16,12.5,0.5,0.0,20.1,64
yellowstone,2024-06-17,8.8,-1.3,2.0,24.5,88
yellowstone,2024-06-18,6.2,-2.8,1.1,19.1,79
yellowstone,2024-06-19,13.4,-1.6,0.0,13.0,2
yellowstone,2024-06-20,18.5,-2.0,0.0,16.0,44
yellowstone,2024-06-21,20.4,2.6,0.0,15.3,42
yellowstone,2024-06-22,21.4,4.3,0.1,22.6,11
yellowstone,2024-06-23,25.2,8.2,0.0,30.1,3
yellowstone,2024-06-24,23.2,8.0,0.0,26.9,13
yellowstone,2024-06-25,21.9,6.6,0.1,19.5,14
yellowstone,2024-06-26,20.9,8.3,0.8,20.0,72
yellowstone,2024-06-27,18.7,8.0,0.3,32.4,14
yellowstone,2024-06-28,15.7,3.3,0.0,26.3,21
yellowstone,2024-06-29,21.6,1.6,0.1,17.0,8
yellowstone,2024-06-30,23.5,8.2,0.4,27.1,29
yellowstone,2024-07-01,13.3,5.0,6.4,17.4,89
yellowstone,2024-07-02,14.5,2.3,3.9,23.4,59
yellowstone,2024-07-03,14.9,3.7,0.8,22.5,46
yellowstone,2024-07-04,15.0,1.2,1.1,19.1,21
yellowstone,2024-07-05,18.6,3.0,0.0,22.3,9
yellowstone,2024-07-06,18.3,4.1,0.1,21.5,22
yellowstone,2024-07-07,18.7,3.0,0.0,17.2,7
yellowstone,2024-07-08,22.3,5.3,0.0,12.3,12
yellowstone,2024-07-09,24.7,7.6,0.1,15.9,15
yellowstone,2024-07-10,25.7,8.3,0.1,13.0,13
yellowstone,2024-07-11,26.6,9.5,0.0,20.7,11
yellowstone,2024-07-12,25.8,9.0,0.0,17.0,17
yellowstone,2024-07-13,26.3,9.8,0.5,23.5,25
yellowstone,2024-07-14,26.0,9.5,4.6,23.0,68
yellowstone,2024-07-15,22.4,8.1,1.1,16.2,53
yellowstone,2024-07-16,23.0,7.3,2.3,15.6,21
yellowstone,2024-07-17,23.5,9.7,1.3,13.1,28
yellowstone,2024-07-18,24.8,8.6,0.0,18.8,36
yellowstone,2024-07-19,24.5,9.1,0.5,15.9,17
yellowstone,2024-07-20,22.7,9.3,0.1,12.5,26
yellowstone,2024-07-21,22.9,8.3,1.5,12.9,14
yellowstone,2024-07-22,24.8,8.7,0.0,13.2,30
yellowstone,2024-07-23,25.5,9.5,0.7,14.5,29
yellowstone,2024-07-24,27.4,10.3,0.0,15.3,41
yellowstone,2024-07-25,23.6,11.8,0.8,24.8,73
yellowstone,2024-07-26,21.7,11.2,0.8,24.8,26
yellowstone,2024-07-27,20.5,8.9,4.0,19.1,51
yellowstone,2024-07-28,18.8,6.2,0.9,19.2,37
yellowstone,2024-07-29,21.3,8.5,0.1,26.6,22
yellowstone,2024-07-30,18.1,5.7,4.4,26.6,76
yellowstone,2024-07-31,20.4,5.2,0.0,11.3,1
yellowstone,2024-08-01,25.0,7.1,0.0,9.7,0
yellowstone,2024-08-02,27.0,9.4,0.0,13.9,7
yellowstone,2024-08-03,28.1,12.9,0.0,13.6,83
yellowstone,2024-08-04,22.7,11.2,5.6,19.5,35
yellowstone,2024-08-05,25.3,9.2,0.2,11.8,41
yellowstone,2024-08-06,24.7,10.3,1.8,16.9,39
yellowstone,2024-08-07,21.8,7.9,1.0,19.6,32
yellowstone,2024-08-08,20.1,6.9,1.7,12.6,88
yellowstone,2024-08-09,20.7,5.2,0.8,15.9,68
yellowstone,2024-08-10,18.2,7.8,7.6,17.4,47
yellowstone,2024-08-11,20.7,5.6,0.7,16.9,10
yellowstone,2024-08-12,19.9,8.6,5.9,17.5,35
yellowstone,2024-08-13,17.0,7.1,3.8,13.2,74
yellowstone,2024-08-14,14.9,5.5,7.8,14.8,52
yellowstone,2024-08-15,20.3,4.2,1.4,21.0,39
yellowstone,2024-08-16,19.3,4.3,2.7,19.6,14
yellowstone,2024-08-17,24.2,7.4,0.1,14.1,36
yellowstone,2024-08-18,22.9,9.3,0.0,13.4,44
yellowstone,2024-08-19,22.1,8.9,0.3,18.7,30
yellowstone,2024-08-20,23.2,10.0,0.3,24.0,38
yellowstone,2024-08-21,21.0,9.2,0.2,22.3,16
yellowstone,2024-08-22,22.5,6.8,0.1,18.0,17
yellowstone,2024-08-23,20.2,10.0,2.9,24.6,27
yellowstone,2024-08-24,19.5,8.2,0.0,21.3,36
yellowstone,2024-08-25,17.4,6.0,0.0,15.1,82
yellowstone,2024-08-26,15.6,4.9,0.8,15.1,54
yellowstone,2024-08-27,19.1,6.3,0.0,19.5,6
yellowstone,2024-08-28,14.3,5.1,0.0,22.8,10
yellowstone,2024-08-29,18.0,1.2,0.0,12.8,7
yellowstone,2024-08-30,21.2,7.7,0.0,12.7,0
yellowstone,2024-08-31,24.1,7.1,0.0,13.0,0
yellowstone,2024-09-01,23.9,10.0,0.0,12.7,13
yellowstone,2024-09-02,23.1,6.5,0.5,14.9,55
yellowstone,2024-09-03,19.5,7.1,2.8,21.1,47
yellowstone,2024-09-04,18.3,5.9,0.6,13.6,13
yellowstone,2024-09-05,20.3,5.0,0.0,10.2,2
yellowstone,2024-09-06,21.4,7.7,0.0,10.1,4
yellowstone,2024-09-07,22.0,7.4,0.0,9.8,7
yellowstone,2024-09-08,23.0,8.4,1.3,16.1,29
yellowstone,2024-09-09,19.8,6.2,0.1,22.4,17
yellowstone,2024-09-10,20.4,5.2,0.2,18.6,69
yellowstone,2024-09-11,17.8,7.1,3.5,17.9,96
yellowstone,2024-09-12,7.3,1.8,9.4,22.3,93
yellowstone,2024-09-13,9.8,1.7,2.4,17.7,66
yellowstone,2024-09-14,14.5,1.6,0.0,17.9,60
yellowstone,2024-09-15,18.6,1.8,0.1,18.9,28
yellowstone,2024-09-16,17.8,4.5,0.8,17.3,85
yellowstone,2024-09-17,8.2,1.5,9.7,14.6,87
yellowstone,2024-09-18,5.1,1.4,15.2,25.4,97
yellowstone,2024-09-19,13.2,2.3,0.1,16.5,57
yellowstone,2024-09-20,13.3,1.5,0.2,26.8,24
yellowstone,2024-09-21,14.9,-0.9,0.3,10.5,21
yellowstone,2024-09-22,15.6,0.3,0.0,13.7,24
yellowstone,2024-09-23,13.2,2.7,0.0,18.5,81
yellowstone,2024-09-24,19.5,3.2,0.0,6.6,0
yellowstone,2024-09-25,20.3,5.7,0.0,17.9,0
yellowstone,2024-09-26,18.1,6.7,0.0,22.9,11
yellowstone,2024-09-27,19.6,3.8,0.0,10.9,0
yellowstone,2024-09-28,21.1,5.2,0.0,14.3,0
yellowstone,2024-09-29,19.9,7.6,0.0,28.0,7
yellowstone,2024-09-30,9.7,-0.2,0.0,13.9,41
yellowstone,2024-10-01,15.3,-0.2,0.0,17.0,39
yellowstone,2024-10-02,15.4,2.3,0.0,22.9,29
yellowstone,2024-10-03,13.9,-1.3,0.0,10.6,25
yellowstone,2024-10-04,18.1,2.7,0.0,27.1,8
yellowstone,2024-10-05,12.3,3.0,0.0,25.5,7
yellowstone,2024-10-06,15.2,1.8,0.0,13.8,0
yellowstone,2024-10-07,15.3,1.4,0.0,13.5,0
yellowstone,2024-10-08,15.8,1.4,0.0,17.3,3
yellowstone,2024-10-09,16.8,1.7,0.0,19.5,23
yellowstone,2024-10-10,16.1,4.5,0.0,20.7,89
yellowstone,2024-10-11,16.1,5.7,0.0,18.3,60
yellowstone,2024-10-12,16.0,1.8,0.0,10.3,69
yellowstone,2024-10-13,17.3,1.4,0.0,10.7,0
yellowstone,2024-10-14,17.4,0.9,0.0,13.9,1
yellowstone,2024-10-15,17.1,0.4,0.0,12.7,5
yellowstone,2024-10-16,15.1,4.6,0.0,22.1,18
yellowstone,2024-10-17,6.0,-1.9,10.6,18.0,99
yellowstone,2024-10-18,5.0,-3.6,3.0,15.0,68
yellowstone,2024-10-19,10.6,-3.1,0.0,10.8,7
yellowstone,2024-10-20,13.6,0.3,0.0,8.8,7
yellowstone,2024-10-21,9.9,0.4,0.0,21.6,54
yellowstone,2024-10-22,6.4,0.0,1.8,22.0,79
yellowstone,2024-10-23,9.2,-1.6,4.6,21.6,73
yellowstone,2024-10-24,4.1,-4.2,5.2,14.7,73
yellowstone,2024-10-25,8.2,-4.9,0.0,10.5,47
yellowstone,2024-10-26,10.3,0.2,0.0,14.1,19
yellowstone,2024-10-27,11.4,0.8,0.0,23.5,43
yellowstone,2024-10-28,6.2,-1.8,1.0,18.6,47
yellowstone,2024-10-29,-0.9,-5.9,3.1,19.3,100
yellowstone,2024-10-30,-1.1,-9.3,0.0,15.4,56
yellowstone,2024-10-31,-1.9,-6.5,2.4,18.0,67
yellowstone,2024-11-01,-1.8,-7.7,0.2,16.1,84
yellowstone,2024-11-02,0.0,-4.6,1.2,16.0,85
yellowstone,2024-11-03,-2.3,-14.7,1.0,13.2,79
yellowstone,2024-11-04,-3.9,-17.1,1.2,19.5,81
yellowstone,2024-11-05,-6.1,-10.0,1.8,20.8,93
yellowstone,2024-11-06,-3.9,-14.3,0.0,10.6,54
yellowstone,2024-11-07,3.3,-10.3,0.0,7.6,6
yellowstone,2024-11-08,7.1,-11.7,0.0,10.1,0
yellowstone,2024-11-09,4.4,-10.7,0.0,11.1,15
yellowstone,2024-11-10,4.0,-9.4,0.6,12.2,87
yellowstone,2024-11-11,5.9,-7.0,0.0,15.6,54
yellowstone,2024-11-12,-0.2,-9.8,2.9,14.6,81
yellowstone,2024-11-13,-0.8,-11.0,0.0,16.7,73
yellowstone,2024-11-14,-0.3,-7.4,0.5,25.1,59
yellowstone,2024-11-15,1.5,-10.5,0.9,12.6,91
yellowstone,2024-11-16,-2.0,-7.4,1.0,18.8,95
yellowstone,2024-11-17,-3.7,-8.8,1.1,19.6,98
yellowstone,2024-11-18,-3.3,-17.3,4.6,22.4,82
yellowstone,2024-11-19,-9.0,-17.6,0.8,20.9,89
yellowstone,2024-11-20,-2.5,-14.5,0.1,15.7,77
yellowstone,2024-11-21,0.5,-6.5,1.5,16.6,98
yellowstone,2024-11-22,5.2,-3.4,1.2,18.3,83
yellowstone,2024-11-23,0.6,-4.7,7.8,24.9,100
yellowstone,2024-11-24,-4.7,-8.2,3.9,18.0,95
yellowstone,2024-11-25,-4.0,-12.6,0.0,15.5,65
yellowstone,2024-11-26,-3.5,-11.9,2.3,13.5,91
yellowstone,2024-11-27,-7.6,-10.6,0.6,14.9,99
yellowstone,2024-11-28,-8.0,-11.0,0.3,15.0,100
yellowstone,2024-11-29,-5.8,-14.6,0.0,14.6,92
yellowstone,2024-11-30,-5.2,-14.1,0.2,15.3,89
yellowstone,2024-12-01,-0.1,-15.5,0.0,6.3,34
yellowstone,2024-12-02,3.8,-12.0,0.0,5.3,27
yellowstone,2024-12-03,4.9,-10.4,0.0,7.5,43
yellowstone,2024-12-04,3.1,-11.0,0.0,5.5,21
yellowstone,2024-12-05,2.6,-13.2,0.0,3.5,23
yellowstone,2024-12-06,2.1,-14.7,0.0,7.5,48
yellowstone,2024-12-07,1.9,-11.5,0.0,10.6,96
yellowstone,2024-12-08,-3.2,-15.0,7.4,26.2,92
yellowstone,2024-12-09,-8.7,-13.8,0.6,15.0,95
yellowstone,2024-12-10,-9.7,-13.3,0.1,16.2,96
yellowstone,2024-12-11,-5.4,-13.2,0.3,11.4,97
yellowstone,2024-12-12,-0.6,-11.7,0.0,8.7,99
yellowstone,2024-12-13,-4.9,-13.1,0.1,15.6,89
yellowstone,2024-12-14,-2.2,-7.1,2.0,18.5,100
yellowstone,2024-12-15,-3.3,-10.2,5.8,23.6,94
yellowstone,2024-12-16,-6.3,-11.2,6.0,17.7,100
yellowstone,2024-12-17,-3.7,-7.7,2.1,12.6,95
yellowstone,2024-12-18,-1.2,-6.6,0.8,33.8,95
yellowstone,2024-12-19,0.4,-10.7,0.0,19.2,81
yellowstone,2024-12-20,3.1,-11.3,0.0,9.6,75
yellowstone,2024-12-21,3.9,-10.2,0.3,14.4,81
yellowstone,2024-12-22,-0.9,-5.5,0.1,19.9,89
yellowstone,2024-12-23,-0.8,-4.3,1.6,14.2,100
yellowstone,2024-12-24,1.6,-7.9,0.0,11.6,99
yellowstone,2024-12-25,-2.4,-7.5,1.1,14.3,100
yellowstone,2024-12-26,-5.1,-8.5,3.7,18.6,100
yellowstone,2024-12-27,-4.2,-8.3,1.0,17.9,100
yellowstone,2024-12-28,-3.3,-6.5,3.9,28.1,100
yellowstone,2024-12-29,-0.8,-5.8,10.9,21.8,100
yellowstone,2024-12-30,-5.3,-11.2,1.1,17.8,92
yellowstone,2024-12-31,-9.9,-15.5,0.4,10.8,99
yellowstone,2025-01-01,-10.0,-15.0,3.9,13.0,100
yellowstone,2025-01-02,-3.9,-12.3,3.4,22.1,99
yellowstone,2025-01-03,2.4,-4.7,6.7,16.9,100
yellowstone,2025-01-04,-3.6,-8.9,3.0,16.2,99
yellowstone,2025-01-05,-5.4,-9.3,1.7,13.4,100
yellowstone,2025-01-06,-4.1,-17.4,0.8,11.8,72
yellowstone,2025-01-07,-5.7,-17.7,0.0,9.7,50
yellowstone,2025-01-08,-9.0,-19.8,2.6,12.7,90
yellowstone,2025-01-09,-6.8,-17.3,0.1,15.0,74
yellowstone,2025-01-10,-5.7,-18.7,2.4,13.3,98
yellowstone,2025-01-11,-7.1,-14.9,2.3,17.5,97
yellowstone,2025-01-12,-8.6,-16.0,0.9,13.6,96
yellowstone,2025-01-13,-8.2,-16.7,0.9,16.6,99
yellowstone,2025-01-14,-5.7,-14.9,0.0,11.8,89
yellowstone,2025-01-15,-2.3,-14.4,0.0,6.2,67
yellowstone,2025-01-16,-0.4,-15.6,0.0,17.0,27
yellowstone,2025-01-17,-7.5,-25.0,2.7,15.8,72
yellowstone,2025-01-18,-15.6,-28.9,0.1,12.7,59
yellowstone,2025-01-19,-14.4,-27.3,0.8,16.4,89
yellowstone,2025-01-20,-13.2,-36.5,0.0,12.0,35
yellowstone,2025-01-21,-12.0,-26.9,0.2,18.4,79
yellowstone,2025-01-22,-10.2,-20.7,1.0,18.5,96
yellowstone,2025-01-23,-8.4,-24.7,0.0,14.6,63
yellowstone,2025-01-24,-8.4,-19.1,1.6,14.4,91
yellowstone,2025-01-25,-10.6,-27.4,0.0,14.3,2
yellowstone,2025-01-26,-6.3,-28.8,0.0,5.6,1
yellowstone,2025-01-27,2.3,-21.7,0.0,3.9,2
yellowstone,2025-01-28,5.4,-19.2,0.0,3.9,3
yellowstone,2025-01-29,3.8,-16.0,0.0,5.8,1
yellowstone,2025-01-30,0.7,-18.6,0.0,8.7,15
yellowstone,2025-01-31,-2.6,-16.6,2.7,16.7,99
yellowstone,2025-02-01,-3.8,-5.9,8.3,27.7,100
yellowstone,2025-02-02,-1.6,-5.8,11.0,27.0,100
yellowstone,2025-02-03,0.3,-5.3,9.9,22.8,100
yellowstone,2025-02-04,5.5,-4.0,1.0,21.5,96
yellowstone,2025-02-05,-0.8,-13.6,3.3,37.9,64
yellowstone,2025-02-06,-6.2,-15.3,0.7,18.7,87
yellowstone,2025-02-07,-2.8,-16.9,11.9,35.6,93
yellowstone,2025-02-08,-12.0,-19.9,1.1,19.9,90
yellowstone,2025-02-09,-11.5,-20.4,0.5,17.4,92
yellowstone,2025-02-10,-11.8,-21.9,0.8,11.1,92
yellowstone,2025-02-11,-13.7,-30.2,0.0,10.9,64
yellowstone,2025-02-12,-16.4,-35.4,0.0,17.2,75
yellowstone,2025-02-13,-7.8,-30.2,1.4,12.3,77
yellowstone,2025-02-14,-3.2,-10.5,3.6,20.6,98
yellowstone,2025-02-15,-6.6,-11.9,2.6,19.3,95
yellowstone,2025-02-16,-6.1,-11.8,4.8,18.2,100
yellowstone,2025-02-17,-3.3,-10.1,3.8,21.3,99
yellowstone,2025-02-18,-5.7,-12.5,5.2,22.3,93
yellowstone,2025-02-19,-5.0,-17.8,1.6,17.0,83
yellowstone,2025-02-20,-1.6,-7.8,0.5,10.3,97
yellowstone,2025-02-21,-3.3,-13.1,0.0,14.1,82
yellowstone,2025-02-22,-3.2,-14.8,0.0,17.4,86
yellowstone,2025-02-23,-1.3,-12.3,1.9,20.2,97
yellowstone,2025-02-24,1.8,-2.6,3.8,27.4,84
yellowstone,2025-02-25,-0.4,-6.9,3.2,28.3,68
yellowstone,2025-02-26,-1.2,-12.7,0.5,15.8,67
yellowstone,2025-02-27,4.8,-17.4,0.0,14.2,53
yellowstone,2025-02-28,5.9,-16.7,0.0,12.3,32
yellowstone,2025-03-01,8.2,-14.7,0.0,9.2,0
yellowstone,2025-03-02,8.1,-13.6,0.0,7.8,44
yellowstone,2025-03-03,3.4,-8.3,1.7,16.4,95
yellowstone,2025-03-04,-0.6,-12.4,0.6,16.4,88
yellowstone,2025-03-05,-0.6,-8.2,0.6,12.8,99
yellowstone,2025-03-06,-3.4,-10.6,6.9,19.7,100
yellowstone,2025-03-07,0.2,-18.8,0.0,10.7,36
yellowstone,2025-03-08,3.1,-17.3,0.0,12.5,68
yellowstone,2025-03-09,3.4,-13.3,0.0,18.3,80
yellowstone,2025-03-10,2.2,-12.4,0.0,28.2,52
yellowstone,2025-03-11,2.8,-8.8,0.0,23.6,67
yellowstone,2025-03-12,4.2,-10.5,0.0,22.2,65
yellowstone,2025-03-13,1.9,-5.3,8.9,23.7,90
yellowstone,2025-03-14,-4.1,-9.1,3.6,18.6,92
yellowstone,2025-03-15,-4.7,-9.3,4.3,24.5,92
yellowstone,2025-03-16,-0.3,-11.0,9.5,36.2,98
yellowstone,2025-03-17,-0.3,-5.9,13.4,38.1,99
yellowstone,2025-03-18,-5.1,-17.1,2.8,20.4,86
yellowstone,2025-03-19,-3.6,-21.2,0.0,17.7,50
yellowstone,2025-03-20,-3.3,-16.4,3.7,26.3,93
yellowstone,2025-03-21,-2.4,-9.9,0.0,20.6,99
yellowstone,2025-03-22,-3.5,-14.4,9.3,31.5,74
yellowstone,2025-03-23,-0.8,-16.6,1.8,25.3,97
yellowstone,2025-03-24,5.6,-2.3,0.1,25.8,88
yellowstone,2025-03-25,8.2,-5.3,0.0,13.2,23
yellowstone,2025-03-26,12.2,-9.2,0.0,9.1,17
yellowstone,2025-03-27,10.7,-5.6,0.0,21.2,49
yellowstone,2025-03-28,5.7,-5.6,1.9,15.9,76
yellowstone,2025-03-29,4.1,-10.5,2.2,10.3,74
yellowstone,2025-03-30,0.2,-9.5,5.1,14.1,96
yellowstone,2025-03-31,2.2,-9.8,2.8,22.4,99
yellowstone,2025-04-01,-1.8,-12.9,2.0,18.0,72
yellowstone,2025-04-02,-2.3,-14.8,4.1,12.1,92
yellowstone,2025-04-03,0.6,-12.1,3.5,6.6,90
yellowstone,2025-04-04,-0.7,-15.5,0.2,13.5,67
yellowstone,2025-04-05,5.0,-21.4,0.0,14.7,18
yellowstone,2025-04-06,7.3,-14.3,0.0,11.9,23
yellowstone,2025-04-07,8.0,-10.9,0.0,17.7,47
yellowstone,2025-04-08,3.7,-2.5,11.4,26.0,86
yellowstone,2025-04-09,5.5,-7.6,0.0,32.1,34
yellowstone,2025-04-10,11.3,-10.6,0.0,12.7,57
yellowstone,2025-04-11,12.8,-4.7,0.0,19.3,52
yellowstone,2025-04-12,8.6,-3.2,8.7,30.9,82
yellowstone,2025-04-13,0.5,-11.3,0.0,15.0,24
yellowstone,2025-04-14,6.4,-14.4,0.0,10.3,0
yellowstone,2025-04-15,10.6,-10.4,0.0,14.3,31
yellowstone,2025-04-16,9.6,-6.2,4.3,27.0,72
yellowstone,2025-04-17,-2.1,-10.1,5.7,21.9,100
yellowstone,2025-04-18,0.0,-14.4,0.2,13.5,66
yellowstone,2025-04-19,5.2,-15.8,0.0,13.4,37
yellowstone,2025-04-20,5.8,-4.5,5.7,19.5,78
yellowstone,2025-04-21,3.6,-8.7,5.2,26.5,69
yellowstone,2025-04-22,2.5,-13.4,0.1,17.3,65
yellowstone,2025-04-23,6.8,-11.3,1.5,12.0,96
yellowstone,2025-04-24,4.6,-5.6,11.3,13.5,80
yellowstone,2025-04-25,9.1,-8.9,0.0,16.0,60
yellowstone,2025-04-26,10.6,-5.5,0.0,19.0,76
yellowstone,2025-04-27,10.3,-7.0,1.3,12.0,97
yellowstone,2025-04-28,6.7,-3.6,5.8,14.3,69
yellowstone,2025-04-29,7.5,-5.6,5.5,18.2,87
yellowstone,2025-04-30,6.1,-7.0,3.5,11.2,51
yellowstone,2025-05-01,7.9,-9.3,0.0,13.7,43
yellowstone,2025-05-02,12.2,-8.9,0.0,10.1,33
yellowstone,2025-05-03,14.6,-5.9,0.0,5.7,1
yellowstone,2025-05-04,15.5,-2.6,0.4,10.6,57
yellowstone,2025-05-05,4.1,-3.0,4.1,21.5,85
yellowstone,2025-05-06,7.9,-5.0,0.0,19.3,59
yellowstone,2025-05-07,12.8,-3.6,0.7,13.2,27
yellowstone,2025-05-08,14.9,-1.1,1.5,13.5,34
yellowstone,2025-05-09,16.8,-0.6,0.1,15.8,25
yellowstone,2025-05-10,19.0,-0.1,0.0,21.6,52
yellowstone,2025-05-11,13.9,1.0,2.1,29.2,63
yellowstone,2025-05-12,16.4,1.0,0.0,32.0,47
yellowstone,2025-05-13,10.2,-3.0,3.6,19.9,69
yellowstone,2025-05-14,5.4,-1.6,4.3,15.7,96
yellowstone,2025-05-15,4.3,-2.3,4.1,15.5,75
yellowstone,2025-05-16,6.1,-3.5,1.3,18.0,93
yellowstone,2025-05-17,11.2,-0.2,4.7,14.5,91
yellowstone,2025-05-18,6.4,-0.8,10.3,17.0,100
yellowstone,2025-05-19,7.9,-3.3,0.2,23.4,60
yellowstone,2025-05-20,6.3,-3.5,3.9,18.7,51
yellowstone,2025-05-21,6.0,-4.8,0.9,20.6,56
yellowstone,2025-05-22,12.3,-2.3,5.0,24.5,78
yellowstone,2025-05-23,12.2,-1.9,1.2,17.7,45
yellowstone,2025-05-24,13.5,-2.4,2.9,17.2,61
yellowstone,2025-05-25,16.4,-2.6,0.9,13.9,16
yellowstone,2025-05-26,18.6,-0.4,2.3,16.9,26
yellowstone,2025-05-27,17.5,2.3,1.5,16.2,75
yellowstone,2025-05-28,16.8,0.6,0.4,12.8,53
yellowstone,2025-05-29,20.3,0.5,0.4,15.7,23
yellowstone,2025-05-30,19.7,4.0,0.0,14.0,5
yellowstone,2025-05-31,22.5,2.0,0.0,14.4,2
yellowstone,2025-06-01,21.2,4.4,4.2,25.1,36
yellowstone,2025-06-02,12.8,2.8,1.0,18.3,76
yellowstone,2025-06-03,11.0,-3.0,0.3,16.0,67
yellowstone,2025-06-04,12.8,-3.5,0.0,12.5,43
yellowstone,2025-06-05,12.7,-2.3,0.7,11.3,43
yellowstone,2025-06-06,16.0,-1.1,0.1,19.1,35
yellowstone,2025-06-07,18.3,2.5,0.1,23.0,54
yellowstone,2025-06-08,17.9,4.1,0.0,16.9,2
yellowstone,2025-06-09,21.4,2.1,0.0,17.3,5
yellowstone,2025-06-10,21.7,4.7,5.5,16.8,47
yellowstone,2025-06-11,18.5,4.5,6.6,17.7,82
yellowstone,2025-06-12,18.4,3.4,1.1,20.2,46
yellowstone,2025-06-13,20.4,4.2,0.2,24.5,17
yellowstone,2025-06-14,20.8,5.0,0.0,20.5,47
yellowstone,2025-06-15,22.2,4.1,0.1,24.1,58
yellowstone,2025-06-16,20.1,3.8,0.4,23.7,63
yellowstone,2025-06-17,16.3,2.4,1.9,18.3,34
yellowstone,2025-06-18,20.0,4.2,0.0,19.0,12
yellowstone,2025-06-19,22.6,5.7,0.2,24.4,37
yellowstone,2025-06-20,18.7,6.5,2.4,29.4,69
yellowstone,2025-06-21,12.9,2.5,4.5,23.6,54
yellowstone,2025-06-22,6.2,-0.3,8.2,22.8,81
yellowstone,2025-06-23,12.3,-2.1,0.5,17.4,21
yellowstone,2025-06-24,16.8,-1.1,0.3,16.5,55
yellowstone,2025-06-25,18.2,2.8,1.3,14.7,16
yellowstone,2025-06-26,19.1,4.4,0.6,26.0,46
yellowstone,2025-06-27,19.7,6.2,1.9,25.1,37
yellowstone,2025-06-28,19.3,6.9,0.7,22.9,33
yellowstone,2025-06-29,19.9,4.2,0.0,18.6,2
yellowstone,2025-06-30,23.3,3.2,0.0,10.4,6
yellowstone,2025-07-01,23.7,7.6,2.6,17.0,33
yellowstone,2025-07-02,22.5,9.1,0.1,20.1,90
yellowstone,2025-07-03,19.3,8.9,5.7,11.7,94
yellowstone,2025-07-04,18.1,7.1,5.7,20.3,55
yellowstone,2025-07-05,16.5,6.2,4.4,23.4,33
yellowstone,2025-07-06,20.1,4.4,0.0,14.8,2
yellowstone,2025-07-07,22.4,6.2,0.0,17.1,1
yellowstone,2025-07-08,24.2,7.6,0.0,20.9,16
yellowstone,2025-07-09,24.8,8.8,0.0,22.7,25
yellowstone,2025-07-10,22.3,6.8,0.1,22.3,38
yellowstone,2025-07-11,19.9,6.3,0.2,15.6,22
yellowstone,2025-07-12,23.0,6.3,0.0,18.6,28
yellowstone,2025-07-13,25.3,8.7,0.0,17.1,37
yellowstone,2025-07-14,25.1,10.4,3.3,20.2,29
yellowstone,2025-07-15,22.8,8.9,13.3,19.8,51
yellowstone,2025-07-16,20.5,5.8,5.5,14.0,60
yellowstone,2025-07-17,22.6,7.6,0.0,18.9,9
yellowstone,2025-07-18,22.0,5.4,4.3,19.6,37
yellowstone,2025-07-19,21.9,8.2,0.1,29.1,20
yellowstone,2025-07-20,20.5,7.7,2.4,26.7,48
yellowstone,2025-07-21,22.2,10.3,3.0,23.6,54
yellowstone,2025-07-22,19.9,8.9,1.5,22.1,27
yellowstone,2025-07-23,20.1,7.5,0.8,21.7,19
yellowstone,2025-07-24,22.1,8.9,0.0,19.9,7
yellowstone,2025-07-25,22.4,8.6,0.0,22.0,12
yellowstone,2025-07-26,22.5,8.6,0.0,17.2,58
yellowstone,2025-07-27,23.1,8.9,0.0,17.5,37
yellowstone,2025-07-28,24.8,8.2,0.0,16.8,11
yellowstone,2025-07-29,24.1,6.1,1.1,11.9,39
yellowstone,2025-07-30,22.4,7.6,1.2,15.8,73
yellowstone,2025-07-31,22.1,6.5,1.2,14.1,43
yellowstone,2025-08-01,21.2,9.0,0.0,21.7,24
yellowstone,2025-08-02,20.9,8.2,2.0,20.8,42
yellowstone,2025-08-03,20.2,5.6,0.1,14.6,33
yellowstone,2025-08-04,22.1,7.8,0.7,18.0,73
yellowstone,2025-08-05,19.7,6.5,0.8,22.6,20
yellowstone,2025-08-06,23.6,7.7,0.6,22.4,18
yellowstone,2025-08-07,20.1,9.5,0.2,30.2,58
yellowstone,2025-08-08,15.4,4.2,0.1,22.9,48
yellowstone,2025-08-09,17.5,3.3,0.0,13.7,56
yellowstone,2025-08-10,16.8,4.7,0.0,11.8,64
yellowstone,2025-08-11,20.6,6.6,0.0,10.3,49
yellowstone,2025-08-12,23.9,8.3,0.0,18.2,17
yellowstone,2025-08-13,23.1,9.1,0.6,27.4,25
yellowstone,2025-08-14,22.9,8.6,0.1,21.0,31
yellowstone,2025-08-15,23.2,9.2,0.5,19.6,15
yellowstone,2025-08-16,22.1,9.6,4.0,14.3,57
yellowstone,2025-08-17,20.1,8.5,5.8,16.3,31
yellowstone,2025-08-18,23.0,8.0,0.0,17.3,12
yellowstone,2025-08-19,25.9,9.4,0.0,11.2,2
yellowstone,2025-08-20,24.0,9.5,0.2,24.2,25
yellowstone,2025-08-21,23.8,8.9,0.0,16.2,13
yellowstone,2025-08-22,24.2,6.3,0.0,14.3,12
yellowstone,2025-08-23,24.3,5.8,0.0,14.1,24
yellowstone,2025-08-24,23.4,6.1,0.1,13.2,53
yellowstone,2025-08-25,23.5,5.3,0.0,11.4,79
yellowstone,2025-08-26,21.5,10.4,7.5,13.4,86
yellowstone,2025-08-27,14.0,9.8,16.2,8.6,98
yellowstone,2025-08-28,14.2,7.2,4.3,13.5,76
yellowstone,2025-08-29,17.8,4.8,0.0,15.8,46
yellowstone,2025-08-30,19.2,4.9,0.5,16.0,25
yellowstone,2025-08-31,21.3,6.2,0.0,9.4,4
yellowstone,2025-09-01,22.5,6.0,0.1,13.4,33
yellowstone,2025-09-02,22.9,7.3,0.1,11.9,15
yellowstone,2025-09-03,22.9,8.3,0.0,11.4,7
yellowstone,2025-09-04,20.3,6.4,0.4,15.7,6
yellowstone,2025-09-05,18.7,2.0,0.0,12.5,24
yellowstone,2025-09-06,21.0,4.3,0.0,13.6,47
yellowstone,2025-09-07,19.4,8.1,1.7,19.7,79
yellowstone,2025-09-08,19.1,5.8,0.0,15.7,33
yellowstone,2025-09-09,19.9,6.0,1.1,16.1,66
yellowstone,2025-09-10,19.8,5.8,0.3,18.8,88
yellowstone,2025-09-11,16.7,5.6,4.2,14.0,63
yellowstone,2025-09-12,16.8,4.7,0.0,13.0,49
yellowstone,2025-09-13,14.9,5.1,0.5,13.2,74
yellowstone,2025-09-14,16.0,3.8,0.0,20.4,32
yellowstone,2025-09-15,12.4,2.8,2.7,15.8,48
yellowstone,2025-09-16,12.6,0.9,3.2,11.9,82
yellowstone,2025-09-17,16.2,0.4,0.0,8.6,16
yellowstone,2025-09-18,17.5,3.6,0.0,12.8,6
yellowstone,2025-09-19,18.0,4.9,0.0,6.2,88
yellowstone,2025-09-20,18.7,5.3,0.2,15.4,24
yellowstone,2025-09-21,15.6,4.5,2.8,16.4,67
yellowstone,2025-09-22,10.5,1.4,5.5,16.8,67
yellowstone,2025-09-23,16.3,-0.6,0.0,8.8,11
yellowstone,2025-09-24,19.0,3.2,0.0,9.2,0
yellowstone,2025-09-25,19.3,3.9,0.0,14.8,3
yellowstone,2025-09-26,17.2,4.7,0.0,19.5,21
yellowstone,2025-09-27,18.3,2.4,0.0,13.9,1
yellowstone,2025-09-28,18.0,4.1,0.2,12.1,63
yellowstone,2025-09-29,16.8,5.2,0.2,12.1,25
yellowstone,2025-09-30,13.2,5.0,1.5,20.7,81
yellowstone,2025-10-01,11.0,4.1,1.8,23.4,56
yellowstone,2025-10-02,15.5,3.4,1.2,20.2,42
yellowstone,2025-10-03,14.8,4.8,0.9,18.5,71
yellowstone,2025-10-04,5.0,-0.1,11.4,12.9,100
yellowstone,2025-10-05,3.8,-4.5,3.2,10.9,82
yellowstone,2025-10-06,6.9,-5.4,0.0,12.2,40
yellowstone,2025-10-07,11.9,-2.0,0.0,9.7,5
yellowstone,2025-10-08,12.7,0.5,0.0,20.1,0
yellowstone,2025-10-09,16.7,2.0,0.0,14.4,14
yellowstone,2025-10-10,14.9,3.7,0.1,16.8,32
yellowstone,2025-10-11,10.8,-1.2,17.0,19.5,71
yellowstone,2025-10-12,1.1,-3.7,5.9,24.1,77
yellowstone,2025-10-13,8.1,-3.6,0.6,20.0,50
yellowstone,2025-10-14,8.1,-0.9,7.2,18.8,81
yellowstone,2025-10-15,9.1,-1.8,5.0,15.4,85
yellowstone,2025-10-16,3.9,-1.2,1.5,15.0,100
yellowstone,2025-10-17,4.2,-1.3,0.4,24.9,90
yellowstone,2025-10-18,4.3,-4.3,3.7,18.8,46
yellowstone,2025-10-19,8.2,-2.5,9.5,34.8,70
yellowstone,2025-10-20,1.7,-5.0,0.0,26.9,34
yellowstone,2025-10-21,6.9,-4.6,0.0,14.7,20
yellowstone,2025-10-22,10.9,-3.4,0.0,8.9,32
yellowstone,2025-10-23,10.1,-1.0,0.0,8.6,39
yellowstone,2025-10-24,10.6,-1.6,0.0,10.3,9
yellowstone,2025-10-25,10.2,-0.5,0.9,24.5,93
yellowstone,2025-10-26,1.3,-3.2,3.3,27.2,100
yellowstone,2025-10-27,-2.4,-10.4,2.6,21.1,60
yellowstone,2025-10-28,-0.8,-12.5,0.0,14.4,11
yellowstone,2025-10-29,6.2,-6.0,0.0,18.8,36
yellowstone,2025-10-30,4.5,-6.5,0.0,13.8,16
yellowstone,2025-10-31,5.6,-6.4,0.0,17.0,52
yellowstone,2025-11-01,7.8,-3.3,0.0,17.0,61
yellowstone,2025-11-02,5.5,-0.3,2.1,22.6,57
yellowstone,2025-11-03,9.4,-2.9,0.0,21.8,37
yellowstone,2025-11-04,3.7,0.3,3.6,20.6,96
yellowstone,2025-11-05,9.1,-0.9,0.1,18.7,98
yellowstone,2025-11-06,1.5,-2.7,1.7,24.0,60
yellowstone,2025-11-07,0.1,-6.8,3.6,24.3,62
yellowstone,2025-11-08,-0.4,-11.9,0.0,11.6,42
yellowstone,2025-11-09,6.3,-8.3,0.0,9.5,49
yellowstone,2025-11-10,7.7,-3.3,0.0,15.2,96
yellowstone,2025-11-11,6.3,-3.2,0.0,17.0,52
yellowstone,2025-11-12,8.3,-2.4,0.0,14.3,78
yellowstone,2025-11-13,8.7,-2.2,0.0,21.4,7
yellowstone,2025-11-14,5.7,1.0,2.3,25.8,73
yellowstone,2025-11-15,6.1,-0.7,0.0,21.0,57
yellowstone,2025-11-16,7.6,-1.4,0.2,14.8,64
yellowstone,2025-11-17,1.8,-1.5,0.1,13.0,91
yellowstone,2025-11-18,3.2,-1.6,0.2,11.8,98
yellowstone,2025-11-19,3.7,-3.2,0.7,16.5,58
yellowstone,2025-11-20,3.8,-4.0,0.1,8.8,47
yellowstone,2025-11-21,4.2,-4.5,0.0,15.6,19
yellowstone,2025-11-22,2.7,-3.8,0.0,11.2,60
yellowstone,2025-11-23,4.2,-5.7,0.0,10.0,26
yellowstone,2025-11-24,-1.0,-10.6,2.8,31.0,76
yellowstone,2025-11-25,-5.8,-14.6,0.0,13.7,56
yellowstone,2025-11-26,-3.5,-9.0,2.0,16.5,100
yellowstone,2025-11-27,0.9,-6.8,0.5,16.9,89
yellowstone,2025-11-28,0.4,-13.3,2.3,21.8,93
yellowstone,2025-11-29,-6.9,-20.1,0.0,12.5,51
yellowstone,2025-11-30,-3.5,-12.9,0.7,11.5,55
yellowstone,2025-12-01,-7.1,-14.6,0.3,18.2,78
yellowstone,2025-12-02,-5.3,-9.4,2.4,14.0,99
yellowstone,2025-12-03,-3.7,-13.7,0.0,11.8,61
yellowstone,2025-12-04,-7.7,-9.8,4.0,17.3,100
yellowstone,2025-12-05,-3.7,-8.2,5.4,24.1,100
yellowstone,2025-12-06,-2.3,-7.8,2.7,24.4,87
yellowstone,2025-12-07,-3.9,-11.2,2.1,24.9,80
yellowstone,2025-12-08,-2.1,-4.9,1.0,28.8,100
yellowstone,2025-12-09,1.0,-6.4,2.7,32.2,100
yellowstone,2025-12-10,1.8,-5.5,2.0,26.2,100
yellowstone,2025-12-11,2.3,-1.2,0.0,25.6,98
yellowstone,2025-12-12,2.6,-2.5,1.5,18.8,91
yellowstone,2025-12-13,3.7,-5.2,0.0,15.3,59
yellowstone,2025-12-14,6.8,-6.6,0.0,14.3,9
yellowstone,2025-12-15,3.9,-7.4,0.2,17.3,37
yellowstone,2025-12-16,1.9,-2.3,0.0,28.8,89
yellowstone,2025-12-17,1.3,-10.5,15.5,37.2,74
yellowstone,2025-12-18,-4.5,-13.9,4.9,20.7,96
yellowstone,2025-12-19,-0.4,-6.8,9.9,37.3,94
yellowstone,2025-12-20,-6.3,-12.7,0.0,23.0,70
yellowstone,2025-12-21,1.5,-8.8,13.7,23.9,100
yellowstone,2025-12-22,1.4,-0.4,15.3,28.6,100
yellowstone,2025-12-23,4.9,-3.6,2.5,18.5,100
yellowstone,2025-12-24,5.2,-5.4,10.4,20.3,87
yellowstone,2025-12-25,2.6,-2.6,14.2,26.7,88
yellowstone,2025-12-26,-1.2,-5.9,6.1,29.0,91
yellowstone,2025-12-27,-5.7,-17.9,7.3,29.8,89
yellowstone,2025-12-28,-12.7,-26.9,0.0,11.1,32
yellowstone,2025-12-29,-4.5,-20.4,0.0,7.4,43
yellowstone,2025-12-30,0.1,-15.6,0.0,7.2,42
yellowstone,2025-12-31,2.8,-12.9,0.0,8.3,45
yellowstone,2026-01-01,1.4,-10.5,2.4,11.9,98
yellowstone,2026-01-02,-0.7,-3.4,3.8,14.8,100
yellowstone,2026-01-03,2.5,-3.8,0.7,20.8,95
yellowstone,2026-01-04,-0.7,-4.3,7.8,28.2,96
yellowstone,2026-01-05,-2.6,-5.9,5.8,21.8,99
yellowstone,2026-01-06,-3.6,-5.9,4.7,28.7,100
yellowstone,2026-01-07,-3.4,-7.7,15.4,30.0,100
yellowstone,2026-01-08,-7.4,-19.9,5.4,15.3,71
yellowstone,2026-01-09,-9.4,-21.9,1.1,18.2,87
yellowstone,2026-01-10,-5.7,-13.4,0.0,15.3,94
yellowstone,2026-01-11,-0.3,-16.7,0.0,13.0,85
yellowstone,2026-01-12,1.5,-13.4,0.0,8.7,80
yellowstone,2026-01-13,1.3,-10.2,0.0,13.0,92
yellowstone,2026-01-14,2.8,-12.9,0.0,7.9,49
yellowstone,2026-01-15,-0.6,-16.1,0.0,17.3,16
yellowstone,2026-01-16,-7.5,-13.3,0.2,18.8,92
yellowstone,2026-01-17,-2.7,-17.9,0.0,17.3,31
yellowstone,2026-01-18,-3.2,-18.7,0.0,7.8,66
yellowstone,2026-01-19,-3.8,-19.1,0.0,12.8,67
yellowstone,2026-01-20,-6.7,-17.0,1.0,17.1,78
yellowstone,2026-01-21,-4.8,-17.4,0.0,12.1,82
yellowstone,2026-01-22,-5.8,-21.0,0.0,9.2,73
yellowstone,2026-01-23,-8.9,-27.1,0.0,13.9,66
yellowstone,2026-01-24,-12.6,-29.3,0.5,14.2,60
yellowstone,2026-01-25,-11.2,-23.1,1.4,17.6,52
yellowstone,2026-01-26,-6.6,-24.1,0.0,17.0,37
yellowstone,2026-01-27,-2.2,-18.3,0.0,13.9,64
yellowstone,2026-01-28,-2.6,-17.6,0.8,14.9,100
yellowstone,2026-01-29,-4.5,-9.9,0.4,16.6,100
yellowstone,2026-01-30,-2.7,-9.4,0.6,14.3,100
yellowstone,2026-01-31,1.5,-9.3,0.0,20.4,91
yellowstone,2026-02-01,3.9,-11.5,0.0,14.3,96
yellowstone,2026-02-02,-0.1,-14.6,0.0,15.7,62
yellowstone,2026-02-03,0.5,-9.8,0.0,16.0,89
yellowstone,2026-02-04,3.8,-14.6,0.0,12.8,72
yellowstone,2026-02-05,8.4,-11.0,0.0,4.9,28
yellowstone,2026-02-06,8.1,-10.4,0.0,11.6,29
yellowstone,2026-02-07,4.3,-6.4,0.1,16.5,65
yellowstone,2026-02-08,2.1,-6.6,2.1,24.2,99
yellowstone,2026-02-09,0.5,-13.4,15.1,28.9,83
yellowstone,2026-02-10,-1.9,-15.6,0.0,5.9,71
yellowstone,2026-02-11,-2.4,-14.9,2.9,7.9,100
yellowstone,2026-02-12,0.7,-8.6,0.0,11.7,94
yellowstone,2026-02-13,-2.8,-7.0,0.0,12.6,99
yellowstone,2026-02-14,-2.1,-7.4,0.0,15.6,97
yellowstone,2026-02-15,0.5,-9.8,1.3,23.0,94
yellowstone,2026-02-16,1.7,-8.7,0.5,22.5,81
yellowstone,2026-02-17,-2.4,-14.6,5.8,33.5,77
yellowstone,2026-02-18,-5.6,-15.7,7.3,15.9,100
yellowstone,2026-02-19,-10.3,-20.4,2.4,14.4,89
yellowstone,2026-02-20,-9.8,-22.8,1.1,20.0,71
yellowstone,2026-02-21,-5.4,-15.8,0.1,15.7,83
yellowstone,2026-02-22,1.6,-16.0,0.0,15.3,28
yellowstone,2026-02-23,2.6,-15.1,0.0,24.9,82
yellowstone,2026-02-24,-1.1,-3.5,7.1,25.7,100
yellowstone,2026-02-25,1.8,-7.3,5.3,32.7,55
yellowstone,2026-02-26,0.2,-8.8,0.0,22.2,35
yellowstone,2026-02-27,2.2,-11.4,0.0,22.4,17
yellowstone,2026-02-28,3.9,-13.0,0.0,18.5,60
yellowstone,2026-03-01,4.5,-12.0,0.2,14.9,94
yellowstone,2026-03-02,3.8,-7.8,1.8,10.5,96
yellowstone,2026-03-03,5.4,-14.6,0.0,12.1,24
yellowstone,2026-03-04,4.2,-13.1,0.0,15.1,89
yellowstone,2026-03-05,-1.3,-6.2,3.1,16.8,97
yellowstone,2026-03-06,-1.7,-12.3,1.5,17.1,62
yellowstone,2026-03-07,-2.9,-16.0,0.6,18.4,80
yellowstone,2026-03-08,2.8,-3.3,0.3,30.9,92
yellowstone,2026-03-09,3.8,-5.7,0.0,38.0,93
yellowstone,2026-03-10,-5.8,-16.5,1.4,21.2,74
yellowstone,2026-03-11,-4.5,-20.4,0.6,30.0,63
yellowstone,2026-03-12,4.2,-4.1,2.5,41.5,99
yellowstone,2026-03-13,2.6,-1.1,2.1,36.7,100
yellowstone,2026-03-14,0.8,-13.9,5.0,35.8,94
yellowstone,2026-03-15,-6.5,-22.0,0.0,18.9,70
yellowstone,2026-03-16,1.1,-13.5,2.3,22.2,100
yellowstone,2026-03-17,8.4,-2.2,0.0,22.5,98
yellowstone,2026-03-18,11.7,-3.5,0.0,24.5,87
yellowstone,2026-03-19,12.4,-3.5,0.0,22.3,49
yellowstone,2026-03-20,12.8,-2.4,0.0,21.5,57
yellowstone,2026-03-21,11.9,-3.0,0.6,27.0,77
yellowstone,2026-03-22,6.4,-8.5,0.0,15.9,44
yellowstone,2026-03-23,8.7,-6.9,0.0,13.7,93
yellowstone,2026-03-24,8.7,-1.4,0.3,24.3,92
yellowstone,2026-03-25,11.1,2.4,2.5,28.7,71
yellowstone,2026-03-26,3.6,-8.3,0.3,21.9,45
yellowstone,2026-03-27,8.1,-11.3,0.0,13.9,18
yellowstone,2026-03-28,10.3,-7.4,0.0,17.0,78
yellowstone,2026-03-29,9.9,-2.9,0.0,32.4,60
yellowstone,2026-03-30,7.6,-0.5,4.7,37.6,88
yellowstone,2026-03-31,4.9,-1.4,14.4,20.2,99
yellowstone,2026-04-01,4.4,-1.1,6.5,15.9,87
yellowstone,2026-04-02,-0.2,-7.9,8.3,24.6,95
yellowstone,2026-04-03,-0.3,-8.3,5.1,18.6,88
yellowstone,2026-04-04,5.0,-9.6,0.0,16.4,63
yellowstone,2026-04-05,9.6,-7.8,0.0,11.4,47
yellowstone,2026-04-06,9.9,-4.9,0.3,13.0,69
yellowstone,2026-04-07,10.4,-4.8,0.0,30.9,23
yellowstone,2026-04-08,8.7,-4.3,0.0,21.8,54
yellowstone,2026-04-09,9.8,-3.6,0.0,19.6,24
yellowstone,2026-04-10,12.6,-3.5,0.0,16.5,84
yellowstone,2026-04-11,9.1,-1.7,3.7,18.4,87
yellowstone,2026-04-12,6.7,-4.1,4.2,20.0,78
yellowstone,2026-04-13,1.7,-4.5,1.1,24.9,83
yellowstone,2026-04-14,2.9,-4.0,0.4,21.8,93
yellowstone,2026-04-15,1.9,-3.1,9.3,29.8,93
yellowstone,2026-04-16,0.3,-12.5,13.8,25.7,94
yellowstone,2026-04-17,-4.1,-17.1,1.8,18.4,73
yellowstone,2026-04-18,4.6,-13.5,0.0,16.5,10
yellowstone,2026-04-19,11.1,-7.0,0.0,13.4,42
yellowstone,2026-04-20,14.1,-3.3,0.0,19.2,52
yellowstone,2026-04-21,16.1,-2.3,0.0,23.0,84
yellowstone,2026-04-22,3.1,-2.4,12.0,33.7,74
yellowstone,2026-04-23,2.2,-7.3,5.1,26.9,92
yellowstone,2026-04-24,-2.1,-13.3,2.0,16.2,63
yellowstone,2026-04-25,-0.1,-14.6,0.0,16.8,48
yellowstone,2026-04-26,2.0,-8.5,1.7,11.6,93
yellowstone,2026-04-27,1.7,-6.3,4.2,19.1,78
yellowstone,2026-04-28,3.7,-7.6,3.1,20.2,68
yellowstone,2026-04-29,5.3,-5.3,3.4,12.1,70
yellowstone,2026-04-30,6.6,-8.3,0.6,12.7,27
yellowstone,2026-05-01,12.1,-5.7,0.0,6.9,9
yellowstone,2026-05-02,12.6,-4.2,0.0,16.5,60
yellowstone,2026-05-03,12.7,-2.3,0.7,15.2,26
yellowstone,2026-05-04,10.6,-1.6,3.2,15.1,59
yellowstone,2026-05-05,3.0,-5.6,0.2,21.6,59
yellowstone,2026-05-06,9.6,-7.6,0.0,27.3,37
yellowstone,2026-05-07,11.3,-1.2,2.0,21.7,53
yellowstone,2026-05-08,13.3,-2.0,0.0,19.8,73
yellowstone,2026-05-09,9.8,-1.9,2.3,17.0,57
yellowstone,2026-05-10,15.3,-2.2,0.0,18.3,45
yellowstone,2026-05-11,17.7,1.5,0.1,24.6,52
yellowstone,2026-05-12,19.6,0.0,0.0,14.9,23
yellowstone,2026-05-13,20.1,2.8,1.9,30.6,31
yellowstone,2026-05-14,10.9,-0.5,0.0,27.3,24
yellowstone,2026-05-15,10.9,-2.3,0.0,27.7,32
yellowstone,2026-05-16,7.5,-1.6,0.6,26.5,78
yellowstone,2026-05-17,3.2,-5.7,1.7,16.9,97
yellowstone,2026-05-18,2.4,-6.1,0.6,20.7,73
yellowstone,2026-05-19,7.2,-6.3,0.2,15.2,46
yellowstone,2026-05-20,8.6,-2.6,2.1,17.6,67
yellowstone,2026-05-21,5.3,-4.3,7.9,15.6,75
yellowstone,2026-05-22,9.4,-5.3,0.0,14.6,55
yellowstone,2026-05-23,13.7,-1.3,1.3,21.6,48
yellowstone,2026-05-24,17.0,0.2,1.9,21.4,28
yellowstone,2026-05-25,18.3,1.1,0.4,16.2,36
yellowstone,2026-05-26,18.1,4.0,0.7,23.3,61
yellowstone,2026-05-27,19.3,3.1,0.0,16.8,15
yellowstone,2026-05-28,20.9,4.3,0.1,17.5,27
yellowstone,2026-05-29,19.7,4.7,0.9,17.6,35
yellowstone,2026-05-30,9.7,3.4,6.6,14.1,96
yellowstone,2026-05-31,8.3,1.1,6.6,19.8,90
yellowstone,2026-06-01,12.4,-2.7,1.7,21.3,46
yellowstone,2026-06-02,14.6,-0.1,0.0,19.8,37
yellowstone,2026-06-03,17.0,1.2,0.0,18.7,23
yellowstone,2026-06-04,16.3,5.1,0.8,21.6,48
yellowstone,2026-06-05,18.0,2.2,0.0,22.3,8
yellowstone,2026-06-06,20.1,5.7,1.2,26.0,47
yellowstone,2026-06-07,12.8,0.6,1.1,30.0,47
yellowstone,2026-06-08,14.7,-0.1,0.0,20.5,77
yellowstone,2026-06-09,7.7,0.9,18.7,23.5,88
yellowstone,2026-06-10,7.3,-2.6,4.3,33.6,72
yellowstone,2026-06-11,13.2,-4.2,0.0,21.0,33
yellowstone,2026-06-12,15.7,-0.1,0.0,22.1,30
yellowstone,2026-06-13,13.9,-0.3,0.0,16.7,23
yellowstone,2026-06-14,15.1,-1.5,0.0,12.5,41
yellowstone,2026-06-15,18.7,-1.5,0.0,17.9,46
yellowstone,2026-06-16,21.5,4.5,0.0,30.9,36
yellowstone,2026-06-17,16.0,5.0,0.0,26.1,12
yellowstone,2026-06-18,17.1,-0.2,0.0,19.5,6
yellowstone,2026-06-19,20.7,0.1,0.0,16.9,42
yellowstone,2026-06-20,17.1,6.3,8.8,22.8,83
yellowstone,2026-06-21,16.1,3.4,3.4,15.7,61
yellowstone,2026-06-22,18.6,4.3,0.5,22.5,20
yellowstone,2026-06-23,19.8,1.3,0.0,16.9,9
yellowstone,2026-06-24,20.1,2.7,0.7,18.5,60
yellowstone,2026-06-25,16.8,6.4,3.6,20.1,64
yellowstone,2026-06-26,18.9,5.6,2.8,23.8,90
yellowstone,2026-06-27,10.6,3.1,7.4,25.5,82
yellowstone,2026-06-28,7.0,1.3,3.4,25.1,82
yellowstone,2026-06-29,3.9,0.2,8.9,25.9,94
yellowstone,2026-06-30,12.9,3.1,5.6,17.0,76
yellowstone,2026-07-01,17.8,2.9,1.0,19.7,31
yellowstone,2026-07-02,18.1,3.6,1.1,20.4,52
yellowstone,2026-07-03,19.0,4.2,0.4,20.6,28
yellowstone,2026-07-04,21.8,4.6,0.0,16.6,14
yellowstone,2026-07-05,23.7,6.2,0.4,16.8,40
yellowstone,2026-07-06,23.6,7.2,2.9,21.8,83
yellowstone,2026-07-07,22.2,8.0,0.4,21.0,52
yellowstone,2026-07-08,22.5,7.3,0.4,18.9,55
yellowstone,2026-07-09,22.6,6.8,0.0,17.2,22
yellowstone,2026-07-10,23.3,7.4,0.1,17.7,16
yellowstone,2026-07-11,26.3,8.6,0.1,19.2,5
yellowstone,2026-07-12,29.1,10.2,0.0,22.8,37
yellowstone,2026-07-13,27.7,8.4,0.3,12.2,23
yellowstone,2026-07-14,27.9,9.4,1.9,17.3,23
yellowstone,2026-07-15,23.1,11.1,3.5,15.9,45
yellowstone,2026-07-16,25.9,8.1,6.9,15.5,41
yellowstone,2026-07-17,23.7,9.1,5.4,15.5,73
yellowstone,2026-07-18,25.8,9.2,0.0,15.1,51
yellowstone,2026-07-19,25.2,9.8,0.1,20.4,13
yellowstone,2026-07-20,27.3,10.3,0.0,14.1,19
yellowstone,2026-07-21,25.8,8.9,10.3,14.3,44
yellowstone,2026-07-22,22.9,11.0,14.9,14.7,90
yellowstone,2026-07-23,23.0,9.3,1.1,13.8,66
yellowstone,2026-07-24,26.8,9.9,0.0,19.7,17
yellowstone,2026-07-25,25.5,11.1,3.9,22.1,62
yellowstone,2026-07-26,25.2,11.1,2.2,15.0,43
yellowstone,2026-07-27,24.2,12.4,0.5,12.9,83
yellowstone,2026-07-28,24.6,8.8,1.4,16.8,27
yellowstone,2026-07-29,23.6,10.2,3.9,17.3,54
yellowstone,2026-07-30,24.2,8.2,0.1,16.0,39
yellowstone,2026-07-31,25.8,8.7,0.1,15.8,16
yellowstone,2026-08-01,27.8,10.7,0.0,23.7,18
yellowstone,2026-08-02,24.8,10.8,0.0,23.2,12
yellowstone,2026-08-03,18.5,4.4,0.0,15.4,0
yellowstone,2026-08-04,19.6,0.5,0.0,14.4,2
yellowstone,2026-08-05,22.0,5.3,0.0,14.1,1
yellowstone,2026-08-06,23.8,6.2,0.0,17.1,3
yellowstone,2026-08-07,25.6,9.0,0.0,17.5,1
yellowstone,2026-08-08,25.3,9.5,0.0,20.8,12
yellowstone,2026-08-09,24.8,9.1,0.0,16.4,7
yellowstone,2026-08-10,25.4,9.2,0.0,20.2,7
yellowstone,2026-08-11,24.6,8.6,0.0,16.8,28
yellowstone,2026-08-12,20.4,11.2,1.2,19.2,78
yellowstone,2026-08-13,18.0,7.0,13.6,13.4,87
yellowstone,2026-08-14,15.1,5.6,2.8,15.7,91
yellowstone,2026-08-15,17.6,5.5,3.9,17.6,48
yellowstone,2026-08-16,19.6,5.1,0.2,15.1,54
yellowstone,2026-08-17,20.4,7.7,0.7,21.1,92
yellowstone,2026-08-18,20.4,7.9,0.6,24.3,54
yellowstone,2026-08-19,22.1,5.8,0.0,15.5,9
yellowstone,2026-08-20,25.2,7.6,0.2,16.6,29
yellowstone,2026-08-21,26.1,9.6,0.0,14.5,47
yellowstone,2026-08-22,22.8,11.7,1.3,14.9,80
yellowstone,2026-08-23,20.9,8.5,1.5,22.3,46
yellowstone,2026-08-24,21.7,6.8,0.2,18.9,52
yellowstone,2026-08-25,20.9,7.6,0.7,16.3,28
yellowstone,2026-08-26,23.4,8.0,0.2,14.8,54
yellowstone,2026-08-27,22.9,8.8,1.4,19.8,55
yellowstone,2026-08-28,16.7,9.8,8.2,15.2,98
yellowstone,2026-08-29,16.0,7.3,11.7,16.5,77
yellowstone,2026-08-30,14.4,5.1,12.1,27.6,45
yellowstone,2026-08-31,18.5,2.1,0.0,16.5,14
yellowstone,2026-09-01,16.3,6.5,1.3,12.1,73
yellowstone,2026-09-02,17.0,5.6,1.8,27.7,59
yellowstone,2026-09-03,15.2,5.3,0.0,22.2,65
yellowstone,2026-09-04,18.2,5.9,0.0,20.1,11
yellowstone,2026-09-05,19.2,6.4,0.2,16.7,19
